;BBSSY.D.REN.EUR.A630.000000WT1010.A;BBSSY.D.REN.EUR.A630.000000WT1010.A_FLAGS
;;
Comment;ISIN DE000BU2Z056 seit dem 02. Juli 2025;
Decimals;2;
Time format code;P1D;
category;ZRWR;
unit;PROZENT;
unit multiplier;One;
last update;2025-10-24 12:11:56;
2014-12-29;0.57;
2014-12-30;0.56;
2014-12-31;.;"Missing value; holiday or weekend"
2015-01-01;.;"Missing value; holiday or weekend"
2015-01-02;0.54;
2015-01-03;.;No value available
2015-01-04;.;No value available
2015-01-05;0.51;
2015-01-06;0.49;
2015-01-07;0.46;
2015-01-08;0.49;
2015-01-09;0.50;
2015-01-10;.;No value available
2015-01-11;.;No value available
2015-01-12;0.50;
2015-01-13;0.46;
2015-01-14;0.52;
2015-01-15;0.49;
2015-01-16;0.45;
2015-01-17;.;No value available
2015-01-18;.;No value available
2015-01-19;0.44;
2015-01-20;0.44;
2015-01-21;0.49;
2015-01-22;0.55;
2015-01-23;0.39;
2015-01-24;.;No value available
2015-01-25;.;No value available
2015-01-26;0.36;
2015-01-27;0.39;
2015-01-28;0.38;
2015-01-29;0.35;
2015-01-30;0.35;
2015-01-31;.;No value available
2015-02-01;.;No value available
2015-02-02;0.30;
2015-02-03;0.33;
2015-02-04;0.34;
2015-02-05;0.35;
2015-02-06;0.35;
2015-02-07;.;No value available
2015-02-08;.;No value available
2015-02-09;0.33;
2015-02-10;0.36;
2015-02-11;0.36;
2015-02-12;0.36;
2015-02-13;0.35;
2015-02-14;.;No value available
2015-02-15;.;No value available
2015-02-16;0.35;
2015-02-17;0.34;
2015-02-18;0.37;
2015-02-19;0.37;
2015-02-20;0.38;
2015-02-21;.;No value available
2015-02-22;.;No value available
2015-02-23;0.39;
2015-02-24;0.38;
2015-02-25;0.34;
2015-02-26;0.29;
2015-02-27;0.33;
2015-02-28;.;No value available
2015-03-01;.;No value available
2015-03-02;0.33;
2015-03-03;0.35;
2015-03-04;0.37;
2015-03-05;0.39;
2015-03-06;0.35;
2015-03-07;.;No value available
2015-03-08;.;No value available
2015-03-09;0.35;
2015-03-10;0.29;
2015-03-11;0.23;
2015-03-12;0.20;
2015-03-13;0.27;
2015-03-14;.;No value available
2015-03-15;.;No value available
2015-03-16;0.28;
2015-03-17;0.27;
2015-03-18;0.26;
2015-03-19;0.18;
2015-03-20;0.19;
2015-03-21;.;No value available
2015-03-22;.;No value available
2015-03-23;0.17;
2015-03-24;0.21;
2015-03-25;0.22;
2015-03-26;0.21;
2015-03-27;0.23;
2015-03-28;.;No value available
2015-03-29;.;No value available
2015-03-30;0.19;
2015-03-31;0.21;
2015-04-01;0.18;
2015-04-02;0.17;
2015-04-03;.;No value available
2015-04-04;.;No value available
2015-04-05;.;No value available
2015-04-06;.;No value available
2015-04-07;0.19;
2015-04-08;0.17;
2015-04-09;0.16;
2015-04-10;0.16;
2015-04-11;.;No value available
2015-04-12;.;No value available
2015-04-13;0.16;
2015-04-14;0.14;
2015-04-15;0.13;
2015-04-16;0.08;
2015-04-17;0.07;
2015-04-18;.;No value available
2015-04-19;.;No value available
2015-04-20;0.07;
2015-04-21;0.07;
2015-04-22;0.09;
2015-04-23;0.15;
2015-04-24;0.18;
2015-04-25;.;No value available
2015-04-26;.;No value available
2015-04-27;0.14;
2015-04-28;0.15;
2015-04-29;0.22;
2015-04-30;0.33;
2015-05-01;.;No value available
2015-05-02;.;No value available
2015-05-03;.;No value available
2015-05-04;0.40;
2015-05-05;0.42;
2015-05-06;0.53;
2015-05-07;0.76;
2015-05-08;0.58;
2015-05-09;.;No value available
2015-05-10;.;No value available
2015-05-11;0.59;
2015-05-12;0.69;
2015-05-13;0.65;
2015-05-14;0.73;
2015-05-15;0.65;
2015-05-16;.;No value available
2015-05-17;.;No value available
2015-05-18;0.65;
2015-05-19;0.57;
2015-05-20;0.59;
2015-05-21;0.62;
2015-05-22;0.59;
2015-05-23;.;No value available
2015-05-24;.;No value available
2015-05-25;.;"Missing value; holiday or weekend"
2015-05-26;0.56;
2015-05-27;0.52;
2015-05-28;0.54;
2015-05-29;0.51;
2015-05-30;.;No value available
2015-05-31;.;No value available
2015-06-01;0.49;
2015-06-02;0.61;
2015-06-03;0.71;
2015-06-04;0.95;
2015-06-05;0.87;
2015-06-06;.;No value available
2015-06-07;.;No value available
2015-06-08;0.87;
2015-06-09;0.88;
2015-06-10;1.01;
2015-06-11;0.99;
2015-06-12;0.91;
2015-06-13;.;No value available
2015-06-14;.;No value available
2015-06-15;0.82;
2015-06-16;0.78;
2015-06-17;0.80;
2015-06-18;0.74;
2015-06-19;0.77;
2015-06-20;.;No value available
2015-06-21;.;No value available
2015-06-22;0.82;
2015-06-23;0.87;
2015-06-24;0.86;
2015-06-25;0.85;
2015-06-26;0.86;
2015-06-27;.;No value available
2015-06-28;.;No value available
2015-06-29;0.79;
2015-06-30;0.78;
2015-07-01;0.81;
2015-07-02;0.87;
2015-07-03;0.83;
2015-07-04;.;No value available
2015-07-05;.;No value available
2015-07-06;0.74;
2015-07-07;0.72;
2015-07-08;0.64;
2015-07-09;0.68;
2015-07-10;0.81;
2015-07-11;.;No value available
2015-07-12;.;No value available
2015-07-13;0.92;
2015-07-14;0.85;
2015-07-15;0.88;
2015-07-16;0.84;
2015-07-17;0.81;
2015-07-18;.;No value available
2015-07-19;.;No value available
2015-07-20;0.79;
2015-07-21;0.75;
2015-07-22;0.78;
2015-07-23;0.74;
2015-07-24;0.72;
2015-07-25;.;No value available
2015-07-26;.;No value available
2015-07-27;0.68;
2015-07-28;0.73;
2015-07-29;0.70;
2015-07-30;0.70;
2015-07-31;0.67;
2015-08-01;.;No value available
2015-08-02;.;No value available
2015-08-03;0.67;
2015-08-04;0.62;
2015-08-05;0.67;
2015-08-06;0.73;
2015-08-07;0.72;
2015-08-08;.;No value available
2015-08-09;.;No value available
2015-08-10;0.67;
2015-08-11;0.67;
2015-08-12;0.61;
2015-08-13;0.62;
2015-08-14;0.62;
2015-08-15;.;No value available
2015-08-16;.;No value available
2015-08-17;0.63;
2015-08-18;0.62;
2015-08-19;0.64;
2015-08-20;0.60;
2015-08-21;0.58;
2015-08-22;.;No value available
2015-08-23;.;No value available
2015-08-24;0.57;
2015-08-25;0.64;
2015-08-26;0.68;
2015-08-27;0.71;
2015-08-28;0.72;
2015-08-29;.;No value available
2015-08-30;.;No value available
2015-08-31;0.73;
2015-09-01;0.79;
2015-09-02;0.77;
2015-09-03;0.79;
2015-09-04;0.69;
2015-09-05;.;No value available
2015-09-06;.;No value available
2015-09-07;0.68;
2015-09-08;0.68;
2015-09-09;0.69;
2015-09-10;0.68;
2015-09-11;0.68;
2015-09-12;.;No value available
2015-09-13;.;No value available
2015-09-14;0.65;
2015-09-15;0.67;
2015-09-16;0.75;
2015-09-17;0.77;
2015-09-18;0.69;
2015-09-19;.;No value available
2015-09-20;.;No value available
2015-09-21;0.68;
2015-09-22;0.64;
2015-09-23;0.61;
2015-09-24;0.61;
2015-09-25;0.64;
2015-09-26;.;No value available
2015-09-27;.;No value available
2015-09-28;0.62;
2015-09-29;0.60;
2015-09-30;0.60;
2015-10-01;0.58;
2015-10-02;0.56;
2015-10-03;.;No value available
2015-10-04;.;No value available
2015-10-05;0.54;
2015-10-06;0.58;
2015-10-07;0.62;
2015-10-08;0.57;
2015-10-09;0.60;
2015-10-10;.;No value available
2015-10-11;.;No value available
2015-10-12;0.60;
2015-10-13;0.56;
2015-10-14;0.55;
2015-10-15;0.54;
2015-10-16;0.54;
2015-10-17;.;No value available
2015-10-18;.;No value available
2015-10-19;0.56;
2015-10-20;0.57;
2015-10-21;0.60;
2015-10-22;0.57;
2015-10-23;0.51;
2015-10-24;.;No value available
2015-10-25;.;No value available
2015-10-26;0.50;
2015-10-27;0.49;
2015-10-28;0.44;
2015-10-29;0.45;
2015-10-30;0.51;
2015-10-31;.;No value available
2015-11-01;.;No value available
2015-11-02;0.56;
2015-11-03;0.55;
2015-11-04;0.56;
2015-11-05;0.59;
2015-11-06;0.60;
2015-11-07;.;No value available
2015-11-08;.;No value available
2015-11-09;0.71;
2015-11-10;0.63;
2015-11-11;0.62;
2015-11-12;0.60;
2015-11-13;0.57;
2015-11-14;.;No value available
2015-11-15;.;No value available
2015-11-16;0.56;
2015-11-17;0.53;
2015-11-18;0.50;
2015-11-19;0.49;
2015-11-20;0.49;
2015-11-21;.;No value available
2015-11-22;.;No value available
2015-11-23;0.52;
2015-11-24;0.50;
2015-11-25;0.49;
2015-11-26;0.48;
2015-11-27;0.46;
2015-11-28;.;No value available
2015-11-29;.;No value available
2015-11-30;0.47;
2015-12-01;0.49;
2015-12-02;0.45;
2015-12-03;0.48;
2015-12-04;0.66;
2015-12-05;.;No value available
2015-12-06;.;No value available
2015-12-07;0.64;
2015-12-08;0.60;
2015-12-09;0.57;
2015-12-10;0.60;
2015-12-11;0.56;
2015-12-12;.;No value available
2015-12-13;.;No value available
2015-12-14;0.56;
2015-12-15;0.64;
2015-12-16;0.64;
2015-12-17;0.60;
2015-12-18;0.57;
2015-12-19;.;No value available
2015-12-20;.;No value available
2015-12-21;0.56;
2015-12-22;0.57;
2015-12-23;0.60;
2015-12-24;.;"Missing value; holiday or weekend"
2015-12-25;.;"Missing value; holiday or weekend"
2015-12-26;.;No value available
2015-12-27;.;No value available
2015-12-28;0.61;
2015-12-29;0.59;
2015-12-30;0.64;
2015-12-31;.;"Missing value; holiday or weekend"
2016-01-01;.;"Missing value; holiday or weekend"
2016-01-02;.;No value available
2016-01-03;.;No value available
2016-01-04;0.58;
2016-01-05;0.56;
2016-01-06;0.51;
2016-01-07;0.50;
2016-01-08;0.53;
2016-01-09;.;No value available
2016-01-10;.;No value available
2016-01-11;0.53;
2016-01-12;0.57;
2016-01-13;0.59;
2016-01-14;0.54;
2016-01-15;0.55;
2016-01-16;.;No value available
2016-01-17;.;No value available
2016-01-18;0.55;
2016-01-19;0.55;
2016-01-20;0.48;
2016-01-21;0.48;
2016-01-22;0.48;
2016-01-23;.;No value available
2016-01-24;.;No value available
2016-01-25;0.47;
2016-01-26;0.45;
2016-01-27;0.43;
2016-01-28;0.43;
2016-01-29;0.36;
2016-01-30;.;No value available
2016-01-31;.;No value available
2016-02-01;0.32;
2016-02-02;0.32;
2016-02-03;0.30;
2016-02-04;0.31;
2016-02-05;0.30;
2016-02-06;.;No value available
2016-02-07;.;No value available
2016-02-08;0.25;
2016-02-09;0.24;
2016-02-10;0.26;
2016-02-11;0.17;
2016-02-12;0.21;
2016-02-13;.;No value available
2016-02-14;.;No value available
2016-02-15;0.26;
2016-02-16;0.25;
2016-02-17;0.25;
2016-02-18;0.25;
2016-02-19;0.19;
2016-02-20;.;No value available
2016-02-21;.;No value available
2016-02-22;0.20;
2016-02-23;0.18;
2016-02-24;0.14;
2016-02-25;0.15;
2016-02-26;0.15;
2016-02-27;.;No value available
2016-02-28;.;No value available
2016-02-29;0.11;
2016-03-01;0.13;
2016-03-02;0.20;
2016-03-03;0.20;
2016-03-04;0.19;
2016-03-05;.;No value available
2016-03-06;.;No value available
2016-03-07;0.20;
2016-03-08;0.17;
2016-03-09;0.20;
2016-03-10;0.22;
2016-03-11;0.27;
2016-03-12;.;No value available
2016-03-13;.;No value available
2016-03-14;0.25;
2016-03-15;0.27;
2016-03-16;0.30;
2016-03-17;0.25;
2016-03-18;0.21;
2016-03-19;.;No value available
2016-03-20;.;No value available
2016-03-21;0.19;
2016-03-22;0.20;
2016-03-23;0.23;
2016-03-24;0.17;
2016-03-25;.;"Missing value; holiday or weekend"
2016-03-26;.;No value available
2016-03-27;.;No value available
2016-03-28;.;"Missing value; holiday or weekend"
2016-03-29;0.15;
2016-03-30;0.14;
2016-03-31;0.14;
2016-04-01;0.16;
2016-04-02;.;No value available
2016-04-03;.;No value available
2016-04-04;0.13;
2016-04-05;0.09;
2016-04-06;0.12;
2016-04-07;0.11;
2016-04-08;0.10;
2016-04-09;.;No value available
2016-04-10;.;No value available
2016-04-11;0.09;
2016-04-12;0.14;
2016-04-13;0.15;
2016-04-14;0.15;
2016-04-15;0.14;
2016-04-16;.;No value available
2016-04-17;.;No value available
2016-04-18;0.13;
2016-04-19;0.18;
2016-04-20;0.15;
2016-04-21;0.21;
2016-04-22;0.22;
2016-04-23;.;No value available
2016-04-24;.;No value available
2016-04-25;0.22;
2016-04-26;0.27;
2016-04-27;0.30;
2016-04-28;0.22;
2016-04-29;0.24;
2016-04-30;.;No value available
2016-05-01;.;No value available
2016-05-02;0.26;
2016-05-03;0.24;
2016-05-04;0.21;
2016-05-05;0.22;
2016-05-06;0.16;
2016-05-07;.;No value available
2016-05-08;.;No value available
2016-05-09;0.16;
2016-05-10;0.14;
2016-05-11;0.11;
2016-05-12;0.15;
2016-05-13;0.13;
2016-05-14;.;No value available
2016-05-15;.;No value available
2016-05-16;.;"Missing value; holiday or weekend"
2016-05-17;0.16;
2016-05-18;0.14;
2016-05-19;0.19;
2016-05-20;0.17;
2016-05-21;.;No value available
2016-05-22;.;No value available
2016-05-23;0.15;
2016-05-24;0.17;
2016-05-25;0.18;
2016-05-26;0.16;
2016-05-27;0.13;
2016-05-28;.;No value available
2016-05-29;.;No value available
2016-05-30;0.17;
2016-05-31;0.18;
2016-06-01;0.13;
2016-06-02;0.16;
2016-06-03;0.11;
2016-06-04;.;No value available
2016-06-05;.;No value available
2016-06-06;0.08;
2016-06-07;0.09;
2016-06-08;0.05;
2016-06-09;0.04;
2016-06-10;0.03;
2016-06-11;.;No value available
2016-06-12;.;No value available
2016-06-13;0.02;
2016-06-14;-0.03;
2016-06-15;0.01;
2016-06-16;-0.02;
2016-06-17;0.00;
2016-06-18;.;No value available
2016-06-19;.;No value available
2016-06-20;0.06;
2016-06-21;0.06;
2016-06-22;0.05;
2016-06-23;0.07;
2016-06-24;-0.08;
2016-06-25;.;No value available
2016-06-26;.;No value available
2016-06-27;-0.11;
2016-06-28;-0.10;
2016-06-29;-0.11;
2016-06-30;-0.10;
2016-07-01;-0.13;
2016-07-02;.;No value available
2016-07-03;.;No value available
2016-07-04;-0.12;
2016-07-05;-0.16;
2016-07-06;-0.20;
2016-07-07;-0.16;
2016-07-08;-0.17;
2016-07-09;.;No value available
2016-07-10;.;No value available
2016-07-11;-0.19;
2016-07-12;-0.12;
2016-07-13;-0.04;
2016-07-14;-0.07;
2016-07-15;-0.03;
2016-07-16;.;No value available
2016-07-17;.;No value available
2016-07-18;-0.02;
2016-07-19;-0.04;
2016-07-20;-0.04;
2016-07-21;0.00;
2016-07-22;-0.01;
2016-07-23;.;No value available
2016-07-24;.;No value available
2016-07-25;-0.01;
2016-07-26;-0.05;
2016-07-27;-0.04;
2016-07-28;-0.08;
2016-07-29;-0.07;
2016-07-30;.;No value available
2016-07-31;.;No value available
2016-08-01;-0.11;
2016-08-02;-0.07;
2016-08-03;-0.05;
2016-08-04;-0.05;
2016-08-05;-0.09;
2016-08-06;.;No value available
2016-08-07;.;No value available
2016-08-08;-0.06;
2016-08-09;-0.07;
2016-08-10;-0.09;
2016-08-11;-0.11;
2016-08-12;-0.10;
2016-08-13;.;No value available
2016-08-14;.;No value available
2016-08-15;-0.11;
2016-08-16;-0.09;
2016-08-17;-0.04;
2016-08-18;-0.06;
2016-08-19;-0.09;
2016-08-20;.;No value available
2016-08-21;.;No value available
2016-08-22;-0.05;
2016-08-23;-0.08;
2016-08-24;-0.09;
2016-08-25;-0.08;
2016-08-26;-0.08;
2016-08-27;.;No value available
2016-08-28;.;No value available
2016-08-29;-0.06;
2016-08-30;-0.08;
2016-08-31;-0.09;
2016-09-01;-0.05;
2016-09-02;-0.06;
2016-09-03;.;No value available
2016-09-04;.;No value available
2016-09-05;-0.05;
2016-09-06;-0.06;
2016-09-07;-0.11;
2016-09-08;-0.11;
2016-09-09;-0.04;
2016-09-10;.;No value available
2016-09-11;.;No value available
2016-09-12;0.04;
2016-09-13;0.01;
2016-09-14;0.05;
2016-09-15;0.04;
2016-09-16;-0.01;
2016-09-17;.;No value available
2016-09-18;.;No value available
2016-09-19;0.01;
2016-09-20;0.00;
2016-09-21;-0.02;
2016-09-22;-0.05;
2016-09-23;-0.09;
2016-09-24;.;No value available
2016-09-25;.;No value available
2016-09-26;-0.10;
2016-09-27;-0.14;
2016-09-28;-0.14;
2016-09-29;-0.12;
2016-09-30;-0.15;
2016-10-01;.;No value available
2016-10-02;.;No value available
2016-10-03;.;"Missing value; holiday or weekend"
2016-10-04;-0.10;
2016-10-05;-0.05;
2016-10-06;-0.04;
2016-10-07;0.02;
2016-10-08;.;No value available
2016-10-09;.;No value available
2016-10-10;0.03;
2016-10-11;0.05;
2016-10-12;0.04;
2016-10-13;0.05;
2016-10-14;0.06;
2016-10-15;.;No value available
2016-10-16;.;No value available
2016-10-17;0.09;
2016-10-18;0.06;
2016-10-19;0.03;
2016-10-20;0.03;
2016-10-21;0.00;
2016-10-22;.;No value available
2016-10-23;.;No value available
2016-10-24;-0.01;
2016-10-25;0.02;
2016-10-26;0.05;
2016-10-27;0.13;
2016-10-28;0.17;
2016-10-29;.;No value available
2016-10-30;.;No value available
2016-10-31;0.16;
2016-11-01;0.19;
2016-11-02;0.12;
2016-11-03;0.16;
2016-11-04;0.15;
2016-11-05;.;No value available
2016-11-06;.;No value available
2016-11-07;0.15;
2016-11-08;0.15;
2016-11-09;0.17;
2016-11-10;0.24;
2016-11-11;0.32;
2016-11-12;.;No value available
2016-11-13;.;No value available
2016-11-14;0.36;
2016-11-15;0.30;
2016-11-16;0.33;
2016-11-17;0.28;
2016-11-18;0.30;
2016-11-19;.;No value available
2016-11-20;.;No value available
2016-11-21;0.28;
2016-11-22;0.24;
2016-11-23;0.21;
2016-11-24;0.24;
2016-11-25;0.24;
2016-11-26;.;No value available
2016-11-27;.;No value available
2016-11-28;0.21;
2016-11-29;0.20;
2016-11-30;0.21;
2016-12-01;0.31;
2016-12-02;0.33;
2016-12-03;.;No value available
2016-12-04;.;No value available
2016-12-05;0.31;
2016-12-06;0.34;
2016-12-07;0.35;
2016-12-08;0.37;
2016-12-09;0.38;
2016-12-10;.;No value available
2016-12-11;.;No value available
2016-12-12;0.40;
2016-12-13;0.37;
2016-12-14;0.33;
2016-12-15;0.35;
2016-12-16;0.31;
2016-12-17;.;No value available
2016-12-18;.;No value available
2016-12-19;0.31;
2016-12-20;0.27;
2016-12-21;0.24;
2016-12-22;0.25;
2016-12-23;0.25;
2016-12-24;.;No value available
2016-12-25;.;No value available
2016-12-26;.;"Missing value; holiday or weekend"
2016-12-27;0.21;
2016-12-28;0.19;
2016-12-29;0.17;
2016-12-30;0.19;
2016-12-31;.;No value available
2017-01-01;.;No value available
2017-01-02;0.17;
2017-01-03;0.24;
2017-01-04;0.27;
2017-01-05;0.27;
2017-01-06;0.25;
2017-01-07;.;No value available
2017-01-08;.;No value available
2017-01-09;0.30;
2017-01-10;0.29;
2017-01-11;0.36;
2017-01-12;0.31;
2017-01-13;0.32;
2017-01-14;.;No value available
2017-01-15;.;No value available
2017-01-16;0.32;
2017-01-17;0.28;
2017-01-18;0.32;
2017-01-19;0.38;
2017-01-20;0.40;
2017-01-21;.;No value available
2017-01-22;.;No value available
2017-01-23;0.40;
2017-01-24;0.38;
2017-01-25;0.44;
2017-01-26;0.49;
2017-01-27;0.47;
2017-01-28;.;No value available
2017-01-29;.;No value available
2017-01-30;0.48;
2017-01-31;0.48;
2017-02-01;0.46;
2017-02-02;0.45;
2017-02-03;0.44;
2017-02-04;.;No value available
2017-02-05;.;No value available
2017-02-06;0.40;
2017-02-07;0.36;
2017-02-08;0.34;
2017-02-09;0.31;
2017-02-10;0.33;
2017-02-11;.;No value available
2017-02-12;.;No value available
2017-02-13;0.34;
2017-02-14;0.33;
2017-02-15;0.37;
2017-02-16;0.37;
2017-02-17;0.30;
2017-02-18;.;No value available
2017-02-19;.;No value available
2017-02-20;0.31;
2017-02-21;0.33;
2017-02-22;0.27;
2017-02-23;0.27;
2017-02-24;0.21;
2017-02-25;.;No value available
2017-02-26;.;No value available
2017-02-27;0.19;
2017-02-28;0.21;
2017-03-01;0.24;
2017-03-02;0.28;
2017-03-03;0.30;
2017-03-04;.;No value available
2017-03-05;.;No value available
2017-03-06;0.33;
2017-03-07;0.32;
2017-03-08;0.34;
2017-03-09;0.38;
2017-03-10;0.44;
2017-03-11;.;No value available
2017-03-12;.;No value available
2017-03-13;0.45;
2017-03-14;0.47;
2017-03-15;0.43;
2017-03-16;0.43;
2017-03-17;0.47;
2017-03-18;.;No value available
2017-03-19;.;No value available
2017-03-20;0.45;
2017-03-21;0.48;
2017-03-22;0.41;
2017-03-23;0.40;
2017-03-24;0.42;
2017-03-25;.;No value available
2017-03-26;.;No value available
2017-03-27;0.38;
2017-03-28;0.39;
2017-03-29;0.38;
2017-03-30;0.33;
2017-03-31;0.34;
2017-04-01;.;No value available
2017-04-02;.;No value available
2017-04-03;0.31;
2017-04-04;0.26;
2017-04-05;0.26;
2017-04-06;0.26;
2017-04-07;0.25;
2017-04-08;.;No value available
2017-04-09;.;No value available
2017-04-10;0.21;
2017-04-11;0.21;
2017-04-12;0.21;
2017-04-13;0.17;
2017-04-14;.;"Missing value; holiday or weekend"
2017-04-15;.;No value available
2017-04-16;.;No value available
2017-04-17;.;"Missing value; holiday or weekend"
2017-04-18;0.18;
2017-04-19;0.18;
2017-04-20;0.24;
2017-04-21;0.23;
2017-04-22;.;No value available
2017-04-23;.;No value available
2017-04-24;0.35;
2017-04-25;0.36;
2017-04-26;0.36;
2017-04-27;0.35;
2017-04-28;0.33;
2017-04-29;.;No value available
2017-04-30;.;No value available
2017-05-01;.;"Missing value; holiday or weekend"
2017-05-02;0.33;
2017-05-03;0.32;
2017-05-04;0.37;
2017-05-05;0.37;
2017-05-06;.;No value available
2017-05-07;.;No value available
2017-05-08;0.40;
2017-05-09;0.44;
2017-05-10;0.42;
2017-05-11;0.45;
2017-05-12;0.41;
2017-05-13;.;No value available
2017-05-14;.;No value available
2017-05-15;0.41;
2017-05-16;0.43;
2017-05-17;0.41;
2017-05-18;0.34;
2017-05-19;0.36;
2017-05-20;.;No value available
2017-05-21;.;No value available
2017-05-22;0.37;
2017-05-23;0.41;
2017-05-24;0.39;
2017-05-25;0.36;
2017-05-26;0.34;
2017-05-27;.;No value available
2017-05-28;.;No value available
2017-05-29;0.33;
2017-05-30;0.30;
2017-05-31;0.30;
2017-06-01;0.31;
2017-06-02;0.29;
2017-06-03;.;No value available
2017-06-04;.;No value available
2017-06-05;.;No value available
2017-06-06;0.27;
2017-06-07;0.25;
2017-06-08;0.28;
2017-06-09;0.25;
2017-06-10;.;No value available
2017-06-11;.;No value available
2017-06-12;0.25;
2017-06-13;0.27;
2017-06-14;0.26;
2017-06-15;0.25;
2017-06-16;0.30;
2017-06-17;.;No value available
2017-06-18;.;No value available
2017-06-19;0.28;
2017-06-20;0.27;
2017-06-21;0.25;
2017-06-22;0.25;
2017-06-23;0.26;
2017-06-24;.;No value available
2017-06-25;.;No value available
2017-06-26;0.25;
2017-06-27;0.28;
2017-06-28;0.38;
2017-06-29;0.40;
2017-06-30;0.43;
2017-07-01;.;No value available
2017-07-02;.;No value available
2017-07-03;0.46;
2017-07-04;0.46;
2017-07-05;0.48;
2017-07-06;0.50;
2017-07-07;0.56;
2017-07-08;.;No value available
2017-07-09;.;No value available
2017-07-10;0.55;
2017-07-11;0.56;
2017-07-12;0.59;
2017-07-13;0.56;
2017-07-14;0.58;
2017-07-15;.;No value available
2017-07-16;.;No value available
2017-07-17;0.58;
2017-07-18;0.56;
2017-07-19;0.54;
2017-07-20;0.55;
2017-07-21;0.51;
2017-07-22;.;No value available
2017-07-23;.;No value available
2017-07-24;0.49;
2017-07-25;0.51;
2017-07-26;0.55;
2017-07-27;0.52;
2017-07-28;0.57;
2017-07-29;.;No value available
2017-07-30;.;No value available
2017-07-31;0.55;
2017-08-01;0.53;
2017-08-02;0.49;
2017-08-03;0.49;
2017-08-04;0.45;
2017-08-05;.;No value available
2017-08-06;.;No value available
2017-08-07;0.48;
2017-08-08;0.45;
2017-08-09;0.43;
2017-08-10;0.43;
2017-08-11;0.38;
2017-08-12;.;No value available
2017-08-13;.;No value available
2017-08-14;0.42;
2017-08-15;0.42;
2017-08-16;0.46;
2017-08-17;0.43;
2017-08-18;0.40;
2017-08-19;.;No value available
2017-08-20;.;No value available
2017-08-21;0.40;
2017-08-22;0.41;
2017-08-23;0.41;
2017-08-24;0.38;
2017-08-25;0.40;
2017-08-26;.;No value available
2017-08-27;.;No value available
2017-08-28;0.38;
2017-08-29;0.32;
2017-08-30;0.35;
2017-08-31;0.37;
2017-09-01;0.36;
2017-09-02;.;No value available
2017-09-03;.;No value available
2017-09-04;0.36;
2017-09-05;0.38;
2017-09-06;0.34;
2017-09-07;0.36;
2017-09-08;0.31;
2017-09-09;.;No value available
2017-09-10;.;No value available
2017-09-11;0.33;
2017-09-12;0.36;
2017-09-13;0.39;
2017-09-14;0.40;
2017-09-15;0.42;
2017-09-16;.;No value available
2017-09-17;.;No value available
2017-09-18;0.43;
2017-09-19;0.40;
2017-09-20;0.44;
2017-09-21;0.47;
2017-09-22;0.47;
2017-09-23;.;No value available
2017-09-24;.;No value available
2017-09-25;0.41;
2017-09-26;0.40;
2017-09-27;0.47;
2017-09-28;0.50;
2017-09-29;0.45;
2017-09-30;.;No value available
2017-10-01;.;No value available
2017-10-02;0.46;
2017-10-03;.;"Missing value; holiday or weekend"
2017-10-04;0.44;
2017-10-05;0.45;
2017-10-06;0.48;
2017-10-07;.;No value available
2017-10-08;.;No value available
2017-10-09;0.45;
2017-10-10;0.44;
2017-10-11;0.45;
2017-10-12;0.45;
2017-10-13;0.43;
2017-10-14;.;No value available
2017-10-15;.;No value available
2017-10-16;0.40;
2017-10-17;0.37;
2017-10-18;0.37;
2017-10-19;0.39;
2017-10-20;0.43;
2017-10-21;.;No value available
2017-10-22;.;No value available
2017-10-23;0.43;
2017-10-24;0.46;
2017-10-25;0.48;
2017-10-26;0.47;
2017-10-27;0.41;
2017-10-28;.;No value available
2017-10-29;.;No value available
2017-10-30;0.38;
2017-10-31;.;"Missing value; holiday or weekend"
2017-11-01;0.37;
2017-11-02;0.39;
2017-11-03;0.36;
2017-11-04;.;No value available
2017-11-05;.;No value available
2017-11-06;0.34;
2017-11-07;0.35;
2017-11-08;0.32;
2017-11-09;0.33;
2017-11-10;0.39;
2017-11-11;.;No value available
2017-11-12;.;No value available
2017-11-13;0.39;
2017-11-14;0.41;
2017-11-15;0.36;
2017-11-16;0.39;
2017-11-17;0.38;
2017-11-18;.;No value available
2017-11-19;.;No value available
2017-11-20;0.36;
2017-11-21;0.34;
2017-11-22;0.37;
2017-11-23;0.35;
2017-11-24;0.37;
2017-11-25;.;No value available
2017-11-26;.;No value available
2017-11-27;0.36;
2017-11-28;0.33;
2017-11-29;0.37;
2017-11-30;0.38;
2017-12-01;0.34;
2017-12-02;.;No value available
2017-12-03;.;No value available
2017-12-04;0.34;
2017-12-05;0.33;
2017-12-06;0.30;
2017-12-07;0.30;
2017-12-08;0.32;
2017-12-09;.;No value available
2017-12-10;.;No value available
2017-12-11;0.29;
2017-12-12;0.31;
2017-12-13;0.33;
2017-12-14;0.33;
2017-12-15;0.30;
2017-12-16;.;No value available
2017-12-17;.;No value available
2017-12-18;0.30;
2017-12-19;0.32;
2017-12-20;0.37;
2017-12-21;0.42;
2017-12-22;0.41;
2017-12-23;.;No value available
2017-12-24;.;No value available
2017-12-25;.;"Missing value; holiday or weekend"
2017-12-26;.;"Missing value; holiday or weekend"
2017-12-27;0.41;
2017-12-28;0.41;
2017-12-29;0.42;
2017-12-30;.;No value available
2017-12-31;.;No value available
2018-01-01;.;No value available
2018-01-02;0.45;
2018-01-03;0.45;
2018-01-04;0.45;
2018-01-05;0.43;
2018-01-06;.;No value available
2018-01-07;.;No value available
2018-01-08;0.43;
2018-01-09;0.43;
2018-01-10;0.54;
2018-01-11;0.52;
2018-01-12;0.58;
2018-01-13;.;No value available
2018-01-14;.;No value available
2018-01-15;0.57;
2018-01-16;0.56;
2018-01-17;0.55;
2018-01-18;0.59;
2018-01-19;0.58;
2018-01-20;.;No value available
2018-01-21;.;No value available
2018-01-22;0.58;
2018-01-23;0.55;
2018-01-24;0.58;
2018-01-25;0.59;
2018-01-26;0.60;
2018-01-27;.;No value available
2018-01-28;.;No value available
2018-01-29;0.67;
2018-01-30;0.68;
2018-01-31;0.67;
2018-02-01;0.72;
2018-02-02;0.74;
2018-02-03;.;No value available
2018-02-04;.;No value available
2018-02-05;0.73;
2018-02-06;0.68;
2018-02-07;0.69;
2018-02-08;0.76;
2018-02-09;0.75;
2018-02-10;.;No value available
2018-02-11;.;No value available
2018-02-12;0.77;
2018-02-13;0.73;
2018-02-14;0.73;
2018-02-15;0.78;
2018-02-16;0.75;
2018-02-17;.;No value available
2018-02-18;.;No value available
2018-02-19;0.73;
2018-02-20;0.75;
2018-02-21;0.70;
2018-02-22;0.71;
2018-02-23;0.68;
2018-02-24;.;No value available
2018-02-25;.;No value available
2018-02-26;0.66;
2018-02-27;0.67;
2018-02-28;0.67;
2018-03-01;0.63;
2018-03-02;0.61;
2018-03-03;.;No value available
2018-03-04;.;No value available
2018-03-05;0.63;
2018-03-06;0.65;
2018-03-07;0.67;
2018-03-08;0.67;
2018-03-09;0.65;
2018-03-10;.;No value available
2018-03-11;.;No value available
2018-03-12;0.64;
2018-03-13;0.62;
2018-03-14;0.62;
2018-03-15;0.59;
2018-03-16;0.56;
2018-03-17;.;No value available
2018-03-18;.;No value available
2018-03-19;0.57;
2018-03-20;0.58;
2018-03-21;0.59;
2018-03-22;0.56;
2018-03-23;0.52;
2018-03-24;.;No value available
2018-03-25;.;No value available
2018-03-26;0.54;
2018-03-27;0.52;
2018-03-28;0.48;
2018-03-29;0.50;
2018-03-30;.;No value available
2018-03-31;.;No value available
2018-04-01;.;No value available
2018-04-02;.;No value available
2018-04-03;0.50;
2018-04-04;0.50;
2018-04-05;0.53;
2018-04-06;0.51;
2018-04-07;.;No value available
2018-04-08;.;No value available
2018-04-09;0.50;
2018-04-10;0.50;
2018-04-11;0.51;
2018-04-12;0.50;
2018-04-13;0.52;
2018-04-14;.;No value available
2018-04-15;.;No value available
2018-04-16;0.54;
2018-04-17;0.53;
2018-04-18;0.50;
2018-04-19;0.56;
2018-04-20;0.59;
2018-04-21;.;No value available
2018-04-22;.;No value available
2018-04-23;0.63;
2018-04-24;0.62;
2018-04-25;0.64;
2018-04-26;0.62;
2018-04-27;0.57;
2018-04-28;.;No value available
2018-04-29;.;No value available
2018-04-30;0.57;
2018-05-01;.;No value available
2018-05-02;0.58;
2018-05-03;0.57;
2018-05-04;0.53;
2018-05-05;.;No value available
2018-05-06;.;No value available
2018-05-07;0.53;
2018-05-08;0.53;
2018-05-09;0.58;
2018-05-10;0.56;
2018-05-11;0.54;
2018-05-12;.;No value available
2018-05-13;.;No value available
2018-05-14;0.60;
2018-05-15;0.62;
2018-05-16;0.62;
2018-05-17;0.63;
2018-05-18;0.63;
2018-05-19;.;No value available
2018-05-20;.;No value available
2018-05-21;.;"Missing value; holiday or weekend"
2018-05-22;0.56;
2018-05-23;0.50;
2018-05-24;0.53;
2018-05-25;0.45;
2018-05-26;.;No value available
2018-05-27;.;No value available
2018-05-28;0.41;
2018-05-29;0.21;
2018-05-30;0.33;
2018-05-31;0.40;
2018-06-01;0.38;
2018-06-02;.;No value available
2018-06-03;.;No value available
2018-06-04;0.40;
2018-06-05;0.40;
2018-06-06;0.42;
2018-06-07;0.51;
2018-06-08;0.41;
2018-06-09;.;No value available
2018-06-10;.;No value available
2018-06-11;0.46;
2018-06-12;0.50;
2018-06-13;0.47;
2018-06-14;0.50;
2018-06-15;0.40;
2018-06-16;.;No value available
2018-06-17;.;No value available
2018-06-18;0.39;
2018-06-19;0.35;
2018-06-20;0.38;
2018-06-21;0.36;
2018-06-22;0.35;
2018-06-23;.;No value available
2018-06-24;.;No value available
2018-06-25;0.32;
2018-06-26;0.34;
2018-06-27;0.31;
2018-06-28;0.32;
2018-06-29;0.34;
2018-06-30;.;No value available
2018-07-01;.;No value available
2018-07-02;0.31;
2018-07-03;0.32;
2018-07-04;0.29;
2018-07-05;0.34;
2018-07-06;0.30;
2018-07-07;.;No value available
2018-07-08;.;No value available
2018-07-09;0.31;
2018-07-10;0.31;
2018-07-11;0.36;
2018-07-12;0.37;
2018-07-13;0.33;
2018-07-14;.;No value available
2018-07-15;.;No value available
2018-07-16;0.35;
2018-07-17;0.36;
2018-07-18;0.34;
2018-07-19;0.35;
2018-07-20;0.33;
2018-07-21;.;No value available
2018-07-22;.;No value available
2018-07-23;0.38;
2018-07-24;0.41;
2018-07-25;0.38;
2018-07-26;0.41;
2018-07-27;0.41;
2018-07-28;.;No value available
2018-07-29;.;No value available
2018-07-30;0.43;
2018-07-31;0.44;
2018-08-01;0.47;
2018-08-02;0.47;
2018-08-03;0.42;
2018-08-04;.;No value available
2018-08-05;.;No value available
2018-08-06;0.41;
2018-08-07;0.40;
2018-08-08;0.40;
2018-08-09;0.39;
2018-08-10;0.34;
2018-08-11;.;No value available
2018-08-12;.;No value available
2018-08-13;0.32;
2018-08-14;0.32;
2018-08-15;0.33;
2018-08-16;0.31;
2018-08-17;0.30;
2018-08-18;.;No value available
2018-08-19;.;No value available
2018-08-20;0.31;
2018-08-21;0.31;
2018-08-22;0.33;
2018-08-23;0.35;
2018-08-24;0.34;
2018-08-25;.;No value available
2018-08-26;.;No value available
2018-08-27;0.36;
2018-08-28;0.36;
2018-08-29;0.38;
2018-08-30;0.39;
2018-08-31;0.35;
2018-09-01;.;No value available
2018-09-02;.;No value available
2018-09-03;0.33;
2018-09-04;0.34;
2018-09-05;0.36;
2018-09-06;0.38;
2018-09-07;0.36;
2018-09-08;.;No value available
2018-09-09;.;No value available
2018-09-10;0.41;
2018-09-11;0.42;
2018-09-12;0.42;
2018-09-13;0.42;
2018-09-14;0.43;
2018-09-15;.;No value available
2018-09-16;.;No value available
2018-09-17;0.45;
2018-09-18;0.45;
2018-09-19;0.49;
2018-09-20;0.48;
2018-09-21;0.46;
2018-09-22;.;No value available
2018-09-23;.;No value available
2018-09-24;0.47;
2018-09-25;0.52;
2018-09-26;0.53;
2018-09-27;0.51;
2018-09-28;0.49;
2018-09-29;.;No value available
2018-09-30;.;No value available
2018-10-01;0.50;
2018-10-02;0.42;
2018-10-03;.;"Missing value; holiday or weekend"
2018-10-04;0.54;
2018-10-05;0.55;
2018-10-06;.;No value available
2018-10-07;.;No value available
2018-10-08;0.53;
2018-10-09;0.56;
2018-10-10;0.55;
2018-10-11;0.50;
2018-10-12;0.53;
2018-10-13;.;No value available
2018-10-14;.;No value available
2018-10-15;0.48;
2018-10-16;0.51;
2018-10-17;0.48;
2018-10-18;0.48;
2018-10-19;0.41;
2018-10-20;.;No value available
2018-10-21;.;No value available
2018-10-22;0.47;
2018-10-23;0.43;
2018-10-24;0.39;
2018-10-25;0.39;
2018-10-26;0.36;
2018-10-27;.;No value available
2018-10-28;.;No value available
2018-10-29;0.36;
2018-10-30;0.39;
2018-10-31;0.38;
2018-11-01;0.41;
2018-11-02;0.43;
2018-11-03;.;No value available
2018-11-04;.;No value available
2018-11-05;0.43;
2018-11-06;0.42;
2018-11-07;0.42;
2018-11-08;0.45;
2018-11-09;0.43;
2018-11-10;.;No value available
2018-11-11;.;No value available
2018-11-12;0.39;
2018-11-13;0.39;
2018-11-14;0.39;
2018-11-15;0.35;
2018-11-16;0.37;
2018-11-17;.;No value available
2018-11-18;.;No value available
2018-11-19;0.38;
2018-11-20;0.36;
2018-11-21;0.37;
2018-11-22;0.36;
2018-11-23;0.35;
2018-11-24;.;No value available
2018-11-25;.;No value available
2018-11-26;0.36;
2018-11-27;0.35;
2018-11-28;0.33;
2018-11-29;0.33;
2018-11-30;0.31;
2018-12-01;.;No value available
2018-12-02;.;No value available
2018-12-03;0.33;
2018-12-04;0.28;
2018-12-05;0.25;
2018-12-06;0.24;
2018-12-07;0.25;
2018-12-08;.;No value available
2018-12-09;.;No value available
2018-12-10;0.25;
2018-12-11;0.27;
2018-12-12;0.24;
2018-12-13;0.27;
2018-12-14;0.26;
2018-12-15;.;No value available
2018-12-16;.;No value available
2018-12-17;0.25;
2018-12-18;0.23;
2018-12-19;0.25;
2018-12-20;0.23;
2018-12-21;0.24;
2018-12-22;.;No value available
2018-12-23;.;No value available
2018-12-24;.;"Missing value; holiday or weekend"
2018-12-25;.;"Missing value; holiday or weekend"
2018-12-26;.;"Missing value; holiday or weekend"
2018-12-27;0.22;
2018-12-28;0.23;
2018-12-29;.;No value available
2018-12-30;.;No value available
2018-12-31;.;"Missing value; holiday or weekend"
2019-01-01;.;"Missing value; holiday or weekend"
2019-01-02;0.17;
2019-01-03;0.17;
2019-01-04;0.18;
2019-01-05;.;No value available
2019-01-06;.;No value available
2019-01-07;0.19;
2019-01-08;0.23;
2019-01-09;0.29;
2019-01-10;0.26;
2019-01-11;0.24;
2019-01-12;.;No value available
2019-01-13;.;No value available
2019-01-14;0.21;
2019-01-15;0.20;
2019-01-16;0.22;
2019-01-17;0.23;
2019-01-18;0.27;
2019-01-19;.;No value available
2019-01-20;.;No value available
2019-01-21;0.25;
2019-01-22;0.26;
2019-01-23;0.23;
2019-01-24;0.21;
2019-01-25;0.18;
2019-01-26;.;No value available
2019-01-27;.;No value available
2019-01-28;0.20;
2019-01-29;0.21;
2019-01-30;0.20;
2019-01-31;0.17;
2019-02-01;0.16;
2019-02-02;.;No value available
2019-02-03;.;No value available
2019-02-04;0.17;
2019-02-05;0.19;
2019-02-06;0.16;
2019-02-07;0.15;
2019-02-08;0.10;
2019-02-09;.;No value available
2019-02-10;.;No value available
2019-02-11;0.11;
2019-02-12;0.13;
2019-02-13;0.12;
2019-02-14;0.11;
2019-02-15;0.11;
2019-02-16;.;No value available
2019-02-17;.;No value available
2019-02-18;0.10;
2019-02-19;0.09;
2019-02-20;0.09;
2019-02-21;0.11;
2019-02-22;0.11;
2019-02-23;.;No value available
2019-02-24;.;No value available
2019-02-25;0.12;
2019-02-26;0.11;
2019-02-27;0.12;
2019-02-28;0.16;
2019-03-01;0.19;
2019-03-02;.;No value available
2019-03-03;.;No value available
2019-03-04;0.18;
2019-03-05;0.17;
2019-03-06;0.15;
2019-03-07;0.12;
2019-03-08;0.05;
2019-03-09;.;No value available
2019-03-10;.;No value available
2019-03-11;0.06;
2019-03-12;0.09;
2019-03-13;0.07;
2019-03-14;0.07;
2019-03-15;0.08;
2019-03-16;.;No value available
2019-03-17;.;No value available
2019-03-18;0.08;
2019-03-19;0.08;
2019-03-20;0.10;
2019-03-21;0.05;
2019-03-22;0.00;
2019-03-23;.;No value available
2019-03-24;.;No value available
2019-03-25;-0.00;
2019-03-26;-0.02;
2019-03-27;-0.06;
2019-03-28;-0.07;
2019-03-29;-0.06;
2019-03-30;.;No value available
2019-03-31;.;No value available
2019-04-01;-0.04;
2019-04-02;-0.04;
2019-04-03;-0.01;
2019-04-04;-0.00;
2019-04-05;0.01;
2019-04-06;.;No value available
2019-04-07;.;No value available
2019-04-08;0.00;
2019-04-09;0.01;
2019-04-10;-0.01;
2019-04-11;-0.03;
2019-04-12;0.02;
2019-04-13;.;No value available
2019-04-14;.;No value available
2019-04-15;0.06;
2019-04-16;0.07;
2019-04-17;0.09;
2019-04-18;0.04;
2019-04-19;.;No value available
2019-04-20;.;No value available
2019-04-21;.;No value available
2019-04-22;.;No value available
2019-04-23;0.05;
2019-04-24;0.02;
2019-04-25;-0.01;
2019-04-26;-0.02;
2019-04-27;.;No value available
2019-04-28;.;No value available
2019-04-29;-0.00;
2019-04-30;0.04;
2019-05-01;.;"Missing value; holiday or weekend"
2019-05-02;0.02;
2019-05-03;0.04;
2019-05-04;.;No value available
2019-05-05;.;No value available
2019-05-06;0.01;
2019-05-07;-0.01;
2019-05-08;-0.04;
2019-05-09;-0.06;
2019-05-10;-0.04;
2019-05-11;.;No value available
2019-05-12;.;No value available
2019-05-13;-0.05;
2019-05-14;-0.06;
2019-05-15;-0.10;
2019-05-16;-0.12;
2019-05-17;-0.11;
2019-05-18;.;No value available
2019-05-19;.;No value available
2019-05-20;-0.09;
2019-05-21;-0.09;
2019-05-22;-0.07;
2019-05-23;-0.10;
2019-05-24;-0.12;
2019-05-25;.;No value available
2019-05-26;.;No value available
2019-05-27;-0.13;
2019-05-28;-0.16;
2019-05-29;-0.17;
2019-05-30;-0.16;
2019-05-31;-0.21;
2019-06-01;.;No value available
2019-06-02;.;No value available
2019-06-03;-0.21;
2019-06-04;-0.21;
2019-06-05;-0.21;
2019-06-06;-0.24;
2019-06-07;-0.23;
2019-06-08;.;No value available
2019-06-09;.;No value available
2019-06-10;.;"Missing value; holiday or weekend"
2019-06-11;-0.22;
2019-06-12;-0.24;
2019-06-13;-0.24;
2019-06-14;-0.26;
2019-06-15;.;No value available
2019-06-16;.;No value available
2019-06-17;-0.25;
2019-06-18;-0.30;
2019-06-19;-0.30;
2019-06-20;-0.31;
2019-06-21;-0.30;
2019-06-22;.;No value available
2019-06-23;.;No value available
2019-06-24;-0.31;
2019-06-25;-0.31;
2019-06-26;-0.32;
2019-06-27;-0.30;
2019-06-28;-0.32;
2019-06-29;.;No value available
2019-06-30;.;No value available
2019-07-01;-0.33;
2019-07-02;-0.36;
2019-07-03;-0.39;
2019-07-04;-0.39;
2019-07-05;-0.39;
2019-07-06;.;No value available
2019-07-07;.;No value available
2019-07-08;-0.37;
2019-07-09;-0.35;
2019-07-10;-0.26;
2019-07-11;-0.27;
2019-07-12;-0.20;
2019-07-13;.;No value available
2019-07-14;.;No value available
2019-07-15;-0.23;
2019-07-16;-0.27;
2019-07-17;-0.28;
2019-07-18;-0.30;
2019-07-19;-0.32;
2019-07-20;.;No value available
2019-07-21;.;No value available
2019-07-22;-0.33;
2019-07-23;-0.34;
2019-07-24;-0.37;
2019-07-25;-0.39;
2019-07-26;-0.37;
2019-07-27;.;No value available
2019-07-28;.;No value available
2019-07-29;-0.39;
2019-07-30;-0.40;
2019-07-31;-0.41;
2019-08-01;-0.42;
2019-08-02;-0.49;
2019-08-03;.;No value available
2019-08-04;.;No value available
2019-08-05;-0.53;
2019-08-06;-0.53;
2019-08-07;-0.57;
2019-08-08;-0.56;
2019-08-09;-0.59;
2019-08-10;.;No value available
2019-08-11;.;No value available
2019-08-12;-0.59;
2019-08-13;-0.61;
2019-08-14;-0.63;
2019-08-15;-0.66;
2019-08-16;-0.71;
2019-08-17;.;No value available
2019-08-18;.;No value available
2019-08-19;-0.65;
2019-08-20;-0.67;
2019-08-21;-0.66;
2019-08-22;-0.66;
2019-08-23;-0.62;
2019-08-24;.;No value available
2019-08-25;.;No value available
2019-08-26;-0.66;
2019-08-27;-0.67;
2019-08-28;-0.71;
2019-08-29;-0.69;
2019-08-30;-0.70;
2019-08-31;.;No value available
2019-09-01;.;No value available
2019-09-02;-0.70;
2019-09-03;-0.74;
2019-09-04;-0.68;
2019-09-05;-0.64;
2019-09-06;-0.59;
2019-09-07;.;No value available
2019-09-08;.;No value available
2019-09-09;-0.60;
2019-09-10;-0.58;
2019-09-11;-0.54;
2019-09-12;-0.58;
2019-09-13;-0.50;
2019-09-14;.;No value available
2019-09-15;.;No value available
2019-09-16;-0.48;
2019-09-17;-0.49;
2019-09-18;-0.50;
2019-09-19;-0.49;
2019-09-20;-0.52;
2019-09-21;.;No value available
2019-09-22;.;No value available
2019-09-23;-0.58;
2019-09-24;-0.57;
2019-09-25;-0.61;
2019-09-26;-0.59;
2019-09-27;-0.58;
2019-09-28;.;No value available
2019-09-29;.;No value available
2019-09-30;-0.56;
2019-10-01;-0.52;
2019-10-02;-0.55;
2019-10-03;.;"Missing value; holiday or weekend"
2019-10-04;-0.60;
2019-10-05;.;No value available
2019-10-06;.;No value available
2019-10-07;-0.60;
2019-10-08;-0.58;
2019-10-09;-0.58;
2019-10-10;-0.54;
2019-10-11;-0.48;
2019-10-12;.;No value available
2019-10-13;.;No value available
2019-10-14;-0.47;
2019-10-15;-0.46;
2019-10-16;-0.43;
2019-10-17;-0.38;
2019-10-18;-0.39;
2019-10-19;.;No value available
2019-10-20;.;No value available
2019-10-21;-0.35;
2019-10-22;-0.38;
2019-10-23;-0.41;
2019-10-24;-0.39;
2019-10-25;-0.39;
2019-10-26;.;No value available
2019-10-27;.;No value available
2019-10-28;-0.35;
2019-10-29;-0.35;
2019-10-30;-0.36;
2019-10-31;-0.41;
2019-11-01;-0.40;
2019-11-02;.;No value available
2019-11-03;.;No value available
2019-11-04;-0.37;
2019-11-05;-0.32;
2019-11-06;-0.31;
2019-11-07;-0.31;
2019-11-08;-0.26;
2019-11-09;.;No value available
2019-11-10;.;No value available
2019-11-11;-0.27;
2019-11-12;-0.24;
2019-11-13;-0.29;
2019-11-14;-0.33;
2019-11-15;-0.34;
2019-11-16;.;No value available
2019-11-17;.;No value available
2019-11-18;-0.32;
2019-11-19;-0.33;
2019-11-20;-0.38;
2019-11-21;-0.34;
2019-11-22;-0.35;
2019-11-23;.;No value available
2019-11-24;.;No value available
2019-11-25;-0.35;
2019-11-26;-0.36;
2019-11-27;-0.38;
2019-11-28;-0.38;
2019-11-29;-0.37;
2019-11-30;.;No value available
2019-12-01;.;No value available
2019-12-02;-0.28;
2019-12-03;-0.28;
2019-12-04;-0.33;
2019-12-05;-0.31;
2019-12-06;-0.30;
2019-12-07;.;No value available
2019-12-08;.;No value available
2019-12-09;-0.31;
2019-12-10;-0.29;
2019-12-11;-0.32;
2019-12-12;-0.33;
2019-12-13;-0.24;
2019-12-14;.;No value available
2019-12-15;.;No value available
2019-12-16;-0.30;
2019-12-17;-0.29;
2019-12-18;-0.29;
2019-12-19;-0.22;
2019-12-20;-0.23;
2019-12-21;.;No value available
2019-12-22;.;No value available
2019-12-23;-0.26;
2019-12-24;.;"Missing value; holiday or weekend"
2019-12-25;.;"Missing value; holiday or weekend"
2019-12-26;.;"Missing value; holiday or weekend"
2019-12-27;-0.25;
2019-12-28;.;No value available
2019-12-29;.;No value available
2019-12-30;-0.21;
2019-12-31;.;No value available
2020-01-01;.;No value available
2020-01-02;-0.18;
2020-01-03;-0.28;
2020-01-04;.;No value available
2020-01-05;.;No value available
2020-01-06;-0.29;
2020-01-07;-0.28;
2020-01-08;-0.25;
2020-01-09;-0.20;
2020-01-10;-0.19;
2020-01-11;.;No value available
2020-01-12;.;No value available
2020-01-13;-0.18;
2020-01-14;-0.17;
2020-01-15;-0.21;
2020-01-16;-0.21;
2020-01-17;-0.22;
2020-01-18;.;No value available
2020-01-19;.;No value available
2020-01-20;-0.21;
2020-01-21;-0.23;
2020-01-22;-0.25;
2020-01-23;-0.28;
2020-01-24;-0.31;
2020-01-25;.;No value available
2020-01-26;.;No value available
2020-01-27;-0.36;
2020-01-28;-0.40;
2020-01-29;-0.38;
2020-01-30;-0.40;
2020-01-31;-0.41;
2020-02-01;.;No value available
2020-02-02;.;No value available
2020-02-03;-0.44;
2020-02-04;-0.41;
2020-02-05;-0.37;
2020-02-06;-0.36;
2020-02-07;-0.39;
2020-02-08;.;No value available
2020-02-09;.;No value available
2020-02-10;-0.40;
2020-02-11;-0.39;
2020-02-12;-0.37;
2020-02-13;-0.41;
2020-02-14;-0.40;
2020-02-15;.;No value available
2020-02-16;.;No value available
2020-02-17;-0.40;
2020-02-18;-0.43;
2020-02-19;-0.42;
2020-02-20;-0.42;
2020-02-21;-0.45;
2020-02-22;.;No value available
2020-02-23;.;No value available
2020-02-24;-0.49;
2020-02-25;-0.50;
2020-02-26;-0.52;
2020-02-27;-0.52;
2020-02-28;-0.61;
2020-02-29;.;No value available
2020-03-01;.;No value available
2020-03-02;-0.63;
2020-03-03;-0.58;
2020-03-04;-0.64;
2020-03-05;-0.63;
2020-03-06;-0.73;
2020-03-07;.;No value available
2020-03-08;.;No value available
2020-03-09;-0.83;
2020-03-10;-0.75;
2020-03-11;-0.76;
2020-03-12;-0.79;
2020-03-13;-0.63;
2020-03-14;.;No value available
2020-03-15;.;No value available
2020-03-16;-0.56;
2020-03-17;-0.41;
2020-03-18;-0.27;
2020-03-19;-0.27;
2020-03-20;-0.26;
2020-03-21;.;No value available
2020-03-22;.;No value available
2020-03-23;-0.39;
2020-03-24;-0.36;
2020-03-25;-0.29;
2020-03-26;-0.31;
2020-03-27;-0.45;
2020-03-28;.;No value available
2020-03-29;.;No value available
2020-03-30;-0.54;
2020-03-31;-0.48;
2020-04-01;-0.51;
2020-04-02;-0.42;
2020-04-03;-0.45;
2020-04-04;.;No value available
2020-04-05;.;No value available
2020-04-06;-0.43;
2020-04-07;-0.37;
2020-04-08;-0.34;
2020-04-09;-0.32;
2020-04-10;.;No value available
2020-04-11;.;No value available
2020-04-12;.;No value available
2020-04-13;.;No value available
2020-04-14;-0.35;
2020-04-15;-0.42;
2020-04-16;-0.45;
2020-04-17;-0.47;
2020-04-18;.;No value available
2020-04-19;.;No value available
2020-04-20;-0.49;
2020-04-21;-0.47;
2020-04-22;-0.46;
2020-04-23;-0.42;
2020-04-24;-0.46;
2020-04-25;.;No value available
2020-04-26;.;No value available
2020-04-27;-0.47;
2020-04-28;-0.45;
2020-04-29;-0.48;
2020-04-30;-0.51;
2020-05-01;.;"Missing value; holiday or weekend"
2020-05-02;.;No value available
2020-05-03;.;No value available
2020-05-04;-0.58;
2020-05-05;-0.54;
2020-05-06;-0.56;
2020-05-07;-0.50;
2020-05-08;-0.56;
2020-05-09;.;No value available
2020-05-10;.;No value available
2020-05-11;-0.52;
2020-05-12;-0.51;
2020-05-13;-0.53;
2020-05-14;-0.55;
2020-05-15;-0.55;
2020-05-16;.;No value available
2020-05-17;.;No value available
2020-05-18;-0.56;
2020-05-19;-0.48;
2020-05-20;-0.46;
2020-05-21;-0.47;
2020-05-22;-0.50;
2020-05-23;.;No value available
2020-05-24;.;No value available
2020-05-25;-0.49;
2020-05-26;-0.44;
2020-05-27;-0.46;
2020-05-28;-0.43;
2020-05-29;-0.43;
2020-05-30;.;No value available
2020-05-31;.;No value available
2020-06-01;.;No value available
2020-06-02;-0.42;
2020-06-03;-0.38;
2020-06-04;-0.36;
2020-06-05;-0.31;
2020-06-06;.;No value available
2020-06-07;.;No value available
2020-06-08;-0.28;
2020-06-09;-0.34;
2020-06-10;-0.33;
2020-06-11;-0.39;
2020-06-12;-0.42;
2020-06-13;.;No value available
2020-06-14;.;No value available
2020-06-15;-0.45;
2020-06-16;-0.43;
2020-06-17;-0.37;
2020-06-18;-0.39;
2020-06-19;-0.41;
2020-06-20;.;No value available
2020-06-21;.;No value available
2020-06-22;-0.42;
2020-06-23;-0.42;
2020-06-24;-0.41;
2020-06-25;-0.46;
2020-06-26;-0.48;
2020-06-27;.;No value available
2020-06-28;.;No value available
2020-06-29;-0.47;
2020-06-30;-0.48;
2020-07-01;-0.44;
2020-07-02;-0.41;
2020-07-03;-0.45;
2020-07-04;.;No value available
2020-07-05;.;No value available
2020-07-06;-0.44;
2020-07-07;-0.45;
2020-07-08;-0.45;
2020-07-09;-0.44;
2020-07-10;-0.49;
2020-07-11;.;No value available
2020-07-12;.;No value available
2020-07-13;-0.46;
2020-07-14;-0.43;
2020-07-15;-0.46;
2020-07-16;-0.45;
2020-07-17;-0.46;
2020-07-18;.;No value available
2020-07-19;.;No value available
2020-07-20;-0.44;
2020-07-21;-0.46;
2020-07-22;-0.48;
2020-07-23;-0.49;
2020-07-24;-0.47;
2020-07-25;.;No value available
2020-07-26;.;No value available
2020-07-27;-0.47;
2020-07-28;-0.50;
2020-07-29;-0.51;
2020-07-30;-0.53;
2020-07-31;-0.55;
2020-08-01;.;No value available
2020-08-02;.;No value available
2020-08-03;-0.52;
2020-08-04;-0.54;
2020-08-05;-0.54;
2020-08-06;-0.53;
2020-08-07;-0.53;
2020-08-08;.;No value available
2020-08-09;.;No value available
2020-08-10;-0.52;
2020-08-11;-0.51;
2020-08-12;-0.45;
2020-08-13;-0.47;
2020-08-14;-0.42;
2020-08-15;.;No value available
2020-08-16;.;No value available
2020-08-17;-0.43;
2020-08-18;-0.47;
2020-08-19;-0.48;
2020-08-20;-0.48;
2020-08-21;-0.51;
2020-08-22;.;No value available
2020-08-23;.;No value available
2020-08-24;-0.49;
2020-08-25;-0.47;
2020-08-26;-0.42;
2020-08-27;-0.45;
2020-08-28;-0.39;
2020-08-29;.;No value available
2020-08-30;.;No value available
2020-08-31;-0.39;
2020-09-01;-0.39;
2020-09-02;-0.45;
2020-09-03;-0.46;
2020-09-04;-0.48;
2020-09-05;.;No value available
2020-09-06;.;No value available
2020-09-07;-0.47;
2020-09-08;-0.47;
2020-09-09;-0.51;
2020-09-10;-0.47;
2020-09-11;-0.47;
2020-09-12;.;No value available
2020-09-13;.;No value available
2020-09-14;-0.50;
2020-09-15;-0.48;
2020-09-16;-0.49;
2020-09-17;-0.47;
2020-09-18;-0.49;
2020-09-19;.;No value available
2020-09-20;.;No value available
2020-09-21;-0.51;
2020-09-22;-0.52;
2020-09-23;-0.51;
2020-09-24;-0.52;
2020-09-25;-0.52;
2020-09-26;.;No value available
2020-09-27;.;No value available
2020-09-28;-0.52;
2020-09-29;-0.54;
2020-09-30;-0.55;
2020-10-01;-0.52;
2020-10-02;-0.55;
2020-10-03;.;No value available
2020-10-04;.;No value available
2020-10-05;-0.54;
2020-10-06;-0.51;
2020-10-07;-0.51;
2020-10-08;-0.51;
2020-10-09;-0.54;
2020-10-10;.;No value available
2020-10-11;.;No value available
2020-10-12;-0.54;
2020-10-13;-0.55;
2020-10-14;-0.57;
2020-10-15;-0.62;
2020-10-16;-0.62;
2020-10-17;.;No value available
2020-10-18;.;No value available
2020-10-19;-0.62;
2020-10-20;-0.63;
2020-10-21;-0.58;
2020-10-22;-0.58;
2020-10-23;-0.57;
2020-10-24;.;No value available
2020-10-25;.;No value available
2020-10-26;-0.58;
2020-10-27;-0.59;
2020-10-28;-0.64;
2020-10-29;-0.63;
2020-10-30;-0.63;
2020-10-31;.;No value available
2020-11-01;.;No value available
2020-11-02;-0.61;
2020-11-03;-0.62;
2020-11-04;-0.65;
2020-11-05;-0.65;
2020-11-06;-0.65;
2020-11-07;.;No value available
2020-11-08;.;No value available
2020-11-09;-0.64;
2020-11-10;-0.50;
2020-11-11;-0.48;
2020-11-12;-0.50;
2020-11-13;-0.54;
2020-11-14;.;No value available
2020-11-15;.;No value available
2020-11-16;-0.56;
2020-11-17;-0.55;
2020-11-18;-0.57;
2020-11-19;-0.57;
2020-11-20;-0.57;
2020-11-21;.;No value available
2020-11-22;.;No value available
2020-11-23;-0.58;
2020-11-24;-0.58;
2020-11-25;-0.57;
2020-11-26;-0.58;
2020-11-27;-0.59;
2020-11-28;.;No value available
2020-11-29;.;No value available
2020-11-30;-0.59;
2020-12-01;-0.56;
2020-12-02;-0.52;
2020-12-03;-0.54;
2020-12-04;-0.55;
2020-12-05;.;No value available
2020-12-06;.;No value available
2020-12-07;-0.58;
2020-12-08;-0.60;
2020-12-09;-0.60;
2020-12-10;-0.62;
2020-12-11;-0.63;
2020-12-12;.;No value available
2020-12-13;.;No value available
2020-12-14;-0.63;
2020-12-15;-0.62;
2020-12-16;-0.59;
2020-12-17;-0.58;
2020-12-18;-0.56;
2020-12-19;.;No value available
2020-12-20;.;No value available
2020-12-21;-0.61;
2020-12-22;-0.59;
2020-12-23;-0.61;
2020-12-24;.;No value available
2020-12-25;.;No value available
2020-12-26;.;No value available
2020-12-27;.;No value available
2020-12-28;-0.55;
2020-12-29;-0.58;
2020-12-30;-0.56;
2020-12-31;.;No value available
2021-01-01;.;No value available
2021-01-02;.;No value available
2021-01-03;.;No value available
2021-01-04;-0.61;
2021-01-05;-0.60;
2021-01-06;-0.51;
2021-01-07;-0.54;
2021-01-08;-0.53;
2021-01-09;.;No value available
2021-01-10;.;No value available
2021-01-11;-0.53;
2021-01-12;-0.48;
2021-01-13;-0.49;
2021-01-14;-0.53;
2021-01-15;-0.54;
2021-01-16;.;No value available
2021-01-17;.;No value available
2021-01-18;-0.54;
2021-01-19;-0.52;
2021-01-20;-0.53;
2021-01-21;-0.53;
2021-01-22;-0.51;
2021-01-23;.;No value available
2021-01-24;.;No value available
2021-01-25;-0.54;
2021-01-26;-0.54;
2021-01-27;-0.54;
2021-01-28;-0.55;
2021-01-29;-0.52;
2021-01-30;.;No value available
2021-01-31;.;No value available
2021-02-01;-0.51;
2021-02-02;-0.50;
2021-02-03;-0.47;
2021-02-04;-0.47;
2021-02-05;-0.46;
2021-02-06;.;No value available
2021-02-07;.;No value available
2021-02-08;-0.43;
2021-02-09;-0.45;
2021-02-10;-0.44;
2021-02-11;-0.47;
2021-02-12;-0.46;
2021-02-13;.;No value available
2021-02-14;.;No value available
2021-02-15;-0.38;
2021-02-16;-0.38;
2021-02-17;-0.36;
2021-02-18;-0.36;
2021-02-19;-0.33;
2021-02-20;.;No value available
2021-02-21;.;No value available
2021-02-22;-0.32;
2021-02-23;-0.31;
2021-02-24;-0.32;
2021-02-25;-0.27;
2021-02-26;-0.25;
2021-02-27;.;No value available
2021-02-28;.;No value available
2021-03-01;-0.30;
2021-03-02;-0.32;
2021-03-03;-0.32;
2021-03-04;-0.30;
2021-03-05;-0.30;
2021-03-06;.;No value available
2021-03-07;.;No value available
2021-03-08;-0.29;
2021-03-09;-0.31;
2021-03-10;-0.30;
2021-03-11;-0.32;
2021-03-12;-0.32;
2021-03-13;.;No value available
2021-03-14;.;No value available
2021-03-15;-0.32;
2021-03-16;-0.34;
2021-03-17;-0.32;
2021-03-18;-0.27;
2021-03-19;-0.31;
2021-03-20;.;No value available
2021-03-21;.;No value available
2021-03-22;-0.32;
2021-03-23;-0.34;
2021-03-24;-0.36;
2021-03-25;-0.37;
2021-03-26;-0.36;
2021-03-27;.;No value available
2021-03-28;.;No value available
2021-03-29;-0.34;
2021-03-30;-0.26;
2021-03-31;-0.27;
2021-04-01;-0.30;
2021-04-02;.;No value available
2021-04-03;.;No value available
2021-04-04;.;No value available
2021-04-05;.;No value available
2021-04-06;-0.30;
2021-04-07;-0.33;
2021-04-08;-0.33;
2021-04-09;-0.31;
2021-04-10;.;No value available
2021-04-11;.;No value available
2021-04-12;-0.32;
2021-04-13;-0.28;
2021-04-14;-0.30;
2021-04-15;-0.27;
2021-04-16;-0.27;
2021-04-17;.;No value available
2021-04-18;.;No value available
2021-04-19;-0.27;
2021-04-20;-0.23;
2021-04-21;-0.25;
2021-04-22;-0.27;
2021-04-23;-0.27;
2021-04-24;.;No value available
2021-04-25;.;No value available
2021-04-26;-0.26;
2021-04-27;-0.25;
2021-04-28;-0.22;
2021-04-29;-0.22;
2021-04-30;-0.20;
2021-05-01;.;No value available
2021-05-02;.;No value available
2021-05-03;-0.16;
2021-05-04;-0.21;
2021-05-05;-0.23;
2021-05-06;-0.23;
2021-05-07;-0.22;
2021-05-08;.;No value available
2021-05-09;.;No value available
2021-05-10;-0.20;
2021-05-11;-0.17;
2021-05-12;-0.17;
2021-05-13;-0.11;
2021-05-14;-0.13;
2021-05-15;.;No value available
2021-05-16;.;No value available
2021-05-17;-0.13;
2021-05-18;-0.11;
2021-05-19;-0.09;
2021-05-20;-0.10;
2021-05-21;-0.12;
2021-05-22;.;No value available
2021-05-23;.;No value available
2021-05-24;.;No value available
2021-05-25;-0.16;
2021-05-26;-0.19;
2021-05-27;-0.20;
2021-05-28;-0.17;
2021-05-29;.;No value available
2021-05-30;.;No value available
2021-05-31;-0.16;
2021-06-01;-0.19;
2021-06-02;-0.19;
2021-06-03;-0.18;
2021-06-04;-0.19;
2021-06-05;.;No value available
2021-06-06;.;No value available
2021-06-07;-0.20;
2021-06-08;-0.20;
2021-06-09;-0.24;
2021-06-10;-0.24;
2021-06-11;-0.29;
2021-06-12;.;No value available
2021-06-13;.;No value available
2021-06-14;-0.27;
2021-06-15;-0.26;
2021-06-16;-0.19;
2021-06-17;-0.17;
2021-06-18;-0.20;
2021-06-19;.;No value available
2021-06-20;.;No value available
2021-06-21;-0.21;
2021-06-22;-0.16;
2021-06-23;-0.17;
2021-06-24;-0.17;
2021-06-25;-0.18;
2021-06-26;.;No value available
2021-06-27;.;No value available
2021-06-28;-0.16;
2021-06-29;-0.18;
2021-06-30;-0.19;
2021-07-01;-0.19;
2021-07-02;-0.23;
2021-07-03;.;No value available
2021-07-04;.;No value available
2021-07-05;-0.22;
2021-07-06;-0.22;
2021-07-07;-0.28;
2021-07-08;-0.34;
2021-07-09;-0.32;
2021-07-10;.;No value available
2021-07-11;.;No value available
2021-07-12;-0.31;
2021-07-13;-0.30;
2021-07-14;-0.29;
2021-07-15;-0.34;
2021-07-16;-0.34;
2021-07-17;.;No value available
2021-07-18;.;No value available
2021-07-19;-0.37;
2021-07-20;-0.41;
2021-07-21;-0.40;
2021-07-22;-0.40;
2021-07-23;-0.41;
2021-07-24;.;No value available
2021-07-25;.;No value available
2021-07-26;-0.43;
2021-07-27;-0.44;
2021-07-28;-0.44;
2021-07-29;-0.45;
2021-07-30;-0.45;
2021-07-31;.;No value available
2021-08-01;.;No value available
2021-08-02;-0.45;
2021-08-03;-0.47;
2021-08-04;-0.49;
2021-08-05;-0.50;
2021-08-06;-0.49;
2021-08-07;.;No value available
2021-08-08;.;No value available
2021-08-09;-0.47;
2021-08-10;-0.46;
2021-08-11;-0.44;
2021-08-12;-0.46;
2021-08-13;-0.46;
2021-08-14;.;No value available
2021-08-15;.;No value available
2021-08-16;-0.47;
2021-08-17;-0.50;
2021-08-18;-0.49;
2021-08-19;-0.50;
2021-08-20;-0.49;
2021-08-21;.;No value available
2021-08-22;.;No value available
2021-08-23;-0.47;
2021-08-24;-0.48;
2021-08-25;-0.46;
2021-08-26;-0.41;
2021-08-27;-0.41;
2021-08-28;.;No value available
2021-08-29;.;No value available
2021-08-30;-0.42;
2021-08-31;-0.43;
2021-09-01;-0.37;
2021-09-02;-0.39;
2021-09-03;-0.38;
2021-09-04;.;No value available
2021-09-05;.;No value available
2021-09-06;-0.36;
2021-09-07;-0.34;
2021-09-08;-0.33;
2021-09-09;-0.33;
2021-09-10;-0.35;
2021-09-11;.;No value available
2021-09-12;.;No value available
2021-09-13;-0.33;
2021-09-14;-0.32;
2021-09-15;-0.34;
2021-09-16;-0.31;
2021-09-17;-0.29;
2021-09-18;.;No value available
2021-09-19;.;No value available
2021-09-20;-0.31;
2021-09-21;-0.31;
2021-09-22;-0.32;
2021-09-23;-0.31;
2021-09-24;-0.24;
2021-09-25;.;No value available
2021-09-26;.;No value available
2021-09-27;-0.21;
2021-09-28;-0.20;
2021-09-29;-0.21;
2021-09-30;-0.22;
2021-10-01;-0.23;
2021-10-02;.;No value available
2021-10-03;.;No value available
2021-10-04;-0.21;
2021-10-05;-0.23;
2021-10-06;-0.16;
2021-10-07;-0.19;
2021-10-08;-0.15;
2021-10-09;.;No value available
2021-10-10;.;No value available
2021-10-11;-0.14;
2021-10-12;-0.13;
2021-10-13;-0.13;
2021-10-14;-0.14;
2021-10-15;-0.17;
2021-10-16;.;No value available
2021-10-17;.;No value available
2021-10-18;-0.13;
2021-10-19;-0.15;
2021-10-20;-0.12;
2021-10-21;-0.12;
2021-10-22;-0.08;
2021-10-23;.;No value available
2021-10-24;.;No value available
2021-10-25;-0.10;
2021-10-26;-0.14;
2021-10-27;-0.15;
2021-10-28;-0.17;
2021-10-29;-0.10;
2021-10-30;.;No value available
2021-10-31;.;No value available
2021-11-01;-0.10;
2021-11-02;-0.14;
2021-11-03;-0.19;
2021-11-04;-0.18;
2021-11-05;-0.24;
2021-11-06;.;No value available
2021-11-07;.;No value available
2021-11-08;-0.27;
2021-11-09;-0.26;
2021-11-10;-0.29;
2021-11-11;-0.24;
2021-11-12;-0.24;
2021-11-13;.;No value available
2021-11-14;.;No value available
2021-11-15;-0.28;
2021-11-16;-0.24;
2021-11-17;-0.25;
2021-11-18;-0.26;
2021-11-19;-0.33;
2021-11-20;.;No value available
2021-11-21;.;No value available
2021-11-22;-0.34;
2021-11-23;-0.26;
2021-11-24;-0.25;
2021-11-25;-0.24;
2021-11-26;-0.32;
2021-11-27;.;No value available
2021-11-28;.;No value available
2021-11-29;-0.32;
2021-11-30;-0.36;
2021-12-01;-0.32;
2021-12-02;-0.36;
2021-12-03;-0.37;
2021-12-04;.;No value available
2021-12-05;.;No value available
2021-12-06;-0.38;
2021-12-07;-0.37;
2021-12-08;-0.38;
2021-12-09;-0.34;
2021-12-10;-0.34;
2021-12-11;.;No value available
2021-12-12;.;No value available
2021-12-13;-0.37;
2021-12-14;-0.37;
2021-12-15;-0.37;
2021-12-16;-0.36;
2021-12-17;-0.36;
2021-12-18;.;No value available
2021-12-19;.;No value available
2021-12-20;-0.39;
2021-12-21;-0.35;
2021-12-22;-0.29;
2021-12-23;-0.27;
2021-12-24;.;No value available
2021-12-25;.;No value available
2021-12-26;.;No value available
2021-12-27;-0.23;
2021-12-28;-0.23;
2021-12-29;-0.23;
2021-12-30;-0.21;
2021-12-31;.;No value available
2022-01-01;.;No value available
2022-01-02;.;No value available
2022-01-03;-0.18;
2022-01-04;-0.14;
2022-01-05;-0.09;
2022-01-06;-0.05;
2022-01-07;-0.06;
2022-01-08;.;No value available
2022-01-09;.;No value available
2022-01-10;-0.04;
2022-01-11;-0.05;
2022-01-12;-0.04;
2022-01-13;-0.05;
2022-01-14;-0.07;
2022-01-15;.;No value available
2022-01-16;.;No value available
2022-01-17;-0.03;
2022-01-18;-0.01;
2022-01-19;0.01;
2022-01-20;-0.03;
2022-01-21;-0.06;
2022-01-22;.;No value available
2022-01-23;.;No value available
2022-01-24;-0.09;
2022-01-25;-0.08;
2022-01-26;-0.08;
2022-01-27;-0.04;
2022-01-28;-0.04;
2022-01-29;.;No value available
2022-01-30;.;No value available
2022-01-31;-0.02;
2022-02-01;-0.01;
2022-02-02;0.03;
2022-02-03;0.04;
2022-02-04;0.15;
2022-02-05;.;No value available
2022-02-06;.;No value available
2022-02-07;0.23;
2022-02-08;0.21;
2022-02-09;0.21;
2022-02-10;0.24;
2022-02-11;0.27;
2022-02-12;.;No value available
2022-02-13;.;No value available
2022-02-14;0.20;
2022-02-15;0.28;
2022-02-16;0.31;
2022-02-17;0.26;
2022-02-18;0.22;
2022-02-19;.;No value available
2022-02-20;.;No value available
2022-02-21;0.21;
2022-02-22;0.20;
2022-02-23;0.24;
2022-02-24;0.14;
2022-02-25;0.17;
2022-02-26;.;No value available
2022-02-27;.;No value available
2022-02-28;0.19;
2022-03-01;0.06;
2022-03-02;-0.04;
2022-03-03;0.05;
2022-03-04;-0.02;
2022-03-05;.;No value available
2022-03-06;.;No value available
2022-03-07;-0.07;
2022-03-08;0.05;
2022-03-09;0.17;
2022-03-10;0.16;
2022-03-11;0.26;
2022-03-12;.;No value available
2022-03-13;.;No value available
2022-03-14;0.34;
2022-03-15;0.34;
2022-03-16;0.37;
2022-03-17;0.36;
2022-03-18;0.37;
2022-03-19;.;No value available
2022-03-20;.;No value available
2022-03-21;0.40;
2022-03-22;0.50;
2022-03-23;0.47;
2022-03-24;0.52;
2022-03-25;0.51;
2022-03-26;.;No value available
2022-03-27;.;No value available
2022-03-28;0.61;
2022-03-29;0.64;
2022-03-30;0.65;
2022-03-31;0.60;
2022-04-01;0.59;
2022-04-02;.;No value available
2022-04-03;.;No value available
2022-04-04;0.49;
2022-04-05;0.54;
2022-04-06;0.65;
2022-04-07;0.62;
2022-04-08;0.68;
2022-04-09;.;No value available
2022-04-10;.;No value available
2022-04-11;0.77;
2022-04-12;0.86;
2022-04-13;0.83;
2022-04-14;0.79;
2022-04-15;.;No value available
2022-04-16;.;No value available
2022-04-17;.;No value available
2022-04-18;.;No value available
2022-04-19;0.92;
2022-04-20;0.87;
2022-04-21;0.92;
2022-04-22;0.95;
2022-04-23;.;No value available
2022-04-24;.;No value available
2022-04-25;0.90;
2022-04-26;0.83;
2022-04-27;0.81;
2022-04-28;0.82;
2022-04-29;0.90;
2022-04-30;.;No value available
2022-05-01;.;No value available
2022-05-02;0.92;
2022-05-03;0.98;
2022-05-04;0.98;
2022-05-05;0.99;
2022-05-06;1.07;
2022-05-07;.;No value available
2022-05-08;.;No value available
2022-05-09;1.13;
2022-05-10;1.06;
2022-05-11;0.97;
2022-05-12;0.89;
2022-05-13;0.89;
2022-05-14;.;No value available
2022-05-15;.;No value available
2022-05-16;0.99;
2022-05-17;0.99;
2022-05-18;1.05;
2022-05-19;0.96;
2022-05-20;0.98;
2022-05-21;.;No value available
2022-05-22;.;No value available
2022-05-23;0.96;
2022-05-24;0.98;
2022-05-25;0.95;
2022-05-26;0.91;
2022-05-27;0.99;
2022-05-28;.;No value available
2022-05-29;.;No value available
2022-05-30;1.05;
2022-05-31;1.07;
2022-06-01;1.12;
2022-06-02;1.20;
2022-06-03;1.25;
2022-06-04;.;No value available
2022-06-05;.;No value available
2022-06-06;.;No value available
2022-06-07;1.29;
2022-06-08;1.32;
2022-06-09;1.35;
2022-06-10;1.39;
2022-06-11;.;No value available
2022-06-12;.;No value available
2022-06-13;1.54;
2022-06-14;1.64;
2022-06-15;1.75;
2022-06-16;1.78;
2022-06-17;1.64;
2022-06-18;.;No value available
2022-06-19;.;No value available
2022-06-20;1.62;
2022-06-21;1.73;
2022-06-22;1.67;
2022-06-23;1.44;
2022-06-24;1.43;
2022-06-25;.;No value available
2022-06-26;.;No value available
2022-06-27;1.49;
2022-06-28;1.61;
2022-06-29;1.60;
2022-06-30;1.44;
2022-07-01;1.40;
2022-07-02;.;No value available
2022-07-03;.;No value available
2022-07-04;1.29;
2022-07-05;1.27;
2022-07-06;1.23;
2022-07-07;1.29;
2022-07-08;1.27;
2022-07-09;.;No value available
2022-07-10;.;No value available
2022-07-11;1.30;
2022-07-12;1.12;
2022-07-13;1.15;
2022-07-14;1.25;
2022-07-15;1.11;
2022-07-16;.;No value available
2022-07-17;.;No value available
2022-07-18;1.19;
2022-07-19;1.23;
2022-07-20;1.23;
2022-07-21;1.29;
2022-07-22;1.06;
2022-07-23;.;No value available
2022-07-24;.;No value available
2022-07-25;1.07;
2022-07-26;0.97;
2022-07-27;0.93;
2022-07-28;0.99;
2022-07-29;0.91;
2022-07-30;.;No value available
2022-07-31;.;No value available
2022-08-01;0.86;
2022-08-02;0.73;
2022-08-03;0.85;
2022-08-04;0.88;
2022-08-05;0.81;
2022-08-06;.;No value available
2022-08-07;.;No value available
2022-08-08;0.88;
2022-08-09;0.93;
2022-08-10;0.89;
2022-08-11;0.91;
2022-08-12;0.99;
2022-08-13;.;No value available
2022-08-14;.;No value available
2022-08-15;0.94;
2022-08-16;0.92;
2022-08-17;1.07;
2022-08-18;1.11;
2022-08-19;1.18;
2022-08-20;.;No value available
2022-08-21;.;No value available
2022-08-22;1.23;
2022-08-23;1.31;
2022-08-24;1.32;
2022-08-25;1.33;
2022-08-26;1.34;
2022-08-27;.;No value available
2022-08-28;.;No value available
2022-08-29;1.51;
2022-08-30;1.48;
2022-08-31;1.54;
2022-09-01;1.61;
2022-09-02;1.58;
2022-09-03;.;No value available
2022-09-04;.;No value available
2022-09-05;1.56;
2022-09-06;1.55;
2022-09-07;1.58;
2022-09-08;1.59;
2022-09-09;1.74;
2022-09-10;.;No value available
2022-09-11;.;No value available
2022-09-12;1.69;
2022-09-13;1.66;
2022-09-14;1.72;
2022-09-15;1.74;
2022-09-16;1.77;
2022-09-17;.;No value available
2022-09-18;.;No value available
2022-09-19;1.79;
2022-09-20;1.88;
2022-09-21;1.86;
2022-09-22;1.87;
2022-09-23;1.98;
2022-09-24;.;No value available
2022-09-25;.;No value available
2022-09-26;2.08;
2022-09-27;2.10;
2022-09-28;2.33;
2022-09-29;2.25;
2022-09-30;2.12;
2022-10-01;.;No value available
2022-10-02;.;No value available
2022-10-03;2.12;
2022-10-04;1.81;
2022-10-05;1.96;
2022-10-06;2.01;
2022-10-07;2.13;
2022-10-08;.;No value available
2022-10-09;.;No value available
2022-10-10;2.15;
2022-10-11;2.30;
2022-10-12;2.33;
2022-10-13;2.29;
2022-10-14;2.20;
2022-10-15;.;No value available
2022-10-16;.;No value available
2022-10-17;2.24;
2022-10-18;2.33;
2022-10-19;2.34;
2022-10-20;2.43;
2022-10-21;2.48;
2022-10-22;.;No value available
2022-10-23;.;No value available
2022-10-24;2.40;
2022-10-25;2.26;
2022-10-26;2.16;
2022-10-27;2.18;
2022-10-28;2.09;
2022-10-29;.;No value available
2022-10-30;.;No value available
2022-10-31;2.15;
2022-11-01;2.06;
2022-11-02;2.14;
2022-11-03;2.23;
2022-11-04;2.24;
2022-11-05;.;No value available
2022-11-06;.;No value available
2022-11-07;2.28;
2022-11-08;2.33;
2022-11-09;2.25;
2022-11-10;2.18;
2022-11-11;2.06;
2022-11-12;.;No value available
2022-11-13;.;No value available
2022-11-14;2.13;
2022-11-15;2.10;
2022-11-16;2.10;
2022-11-17;1.98;
2022-11-18;2.07;
2022-11-19;.;No value available
2022-11-20;.;No value available
2022-11-21;2.03;
2022-11-22;2.00;
2022-11-23;1.99;
2022-11-24;1.83;
2022-11-25;1.92;
2022-11-26;.;No value available
2022-11-27;.;No value available
2022-11-28;1.97;
2022-11-29;1.91;
2022-11-30;1.94;
2022-12-01;1.84;
2022-12-02;1.78;
2022-12-03;.;No value available
2022-12-04;.;No value available
2022-12-05;1.84;
2022-12-06;1.85;
2022-12-07;1.78;
2022-12-08;1.76;
2022-12-09;1.86;
2022-12-10;.;No value available
2022-12-11;.;No value available
2022-12-12;1.91;
2022-12-13;1.94;
2022-12-14;1.96;
2022-12-15;1.91;
2022-12-16;2.19;
2022-12-17;.;No value available
2022-12-18;.;No value available
2022-12-19;2.19;
2022-12-20;2.27;
2022-12-21;2.28;
2022-12-22;2.31;
2022-12-23;2.38;
2022-12-24;.;No value available
2022-12-25;.;No value available
2022-12-26;.;No value available
2022-12-27;2.49;
2022-12-28;2.47;
2022-12-29;2.48;
2022-12-30;2.51;
2022-12-31;.;No value available
2023-01-01;.;No value available
2023-01-02;2.48;
2023-01-03;2.34;
2023-01-04;2.30;
2023-01-05;2.30;
2023-01-06;2.32;
2023-01-07;.;No value available
2023-01-08;.;No value available
2023-01-09;2.27;
2023-01-10;2.27;
2023-01-11;2.27;
2023-01-12;2.19;
2023-01-13;2.11;
2023-01-14;.;No value available
2023-01-15;.;No value available
2023-01-16;2.21;
2023-01-17;2.19;
2023-01-18;2.09;
2023-01-19;2.02;
2023-01-20;2.13;
2023-01-21;.;No value available
2023-01-22;.;No value available
2023-01-23;2.18;
2023-01-24;2.17;
2023-01-25;2.11;
2023-01-26;2.19;
2023-01-27;2.26;
2023-01-28;.;No value available
2023-01-29;.;No value available
2023-01-30;2.30;
2023-01-31;2.30;
2023-02-01;2.26;
2023-02-02;2.25;
2023-02-03;2.14;
2023-02-04;.;No value available
2023-02-05;.;No value available
2023-02-06;2.27;
2023-02-07;2.29;
2023-02-08;2.36;
2023-02-09;2.29;
2023-02-10;2.35;
2023-02-11;.;No value available
2023-02-12;.;No value available
2023-02-13;2.35;
2023-02-14;2.36;
2023-02-15;2.41;
2023-02-16;2.47;
2023-02-17;2.53;
2023-02-18;.;No value available
2023-02-19;.;No value available
2023-02-20;2.44;
2023-02-21;2.49;
2023-02-22;2.54;
2023-02-23;2.52;
2023-02-24;2.46;
2023-02-25;.;No value available
2023-02-26;.;No value available
2023-02-27;2.57;
2023-02-28;2.64;
2023-03-01;2.72;
2023-03-02;2.76;
2023-03-03;2.70;
2023-03-04;.;No value available
2023-03-05;.;No value available
2023-03-06;2.66;
2023-03-07;2.66;
2023-03-08;2.69;
2023-03-09;2.69;
2023-03-10;2.54;
2023-03-11;.;No value available
2023-03-12;.;No value available
2023-03-13;2.27;
2023-03-14;2.34;
2023-03-15;2.32;
2023-03-16;2.28;
2023-03-17;2.24;
2023-03-18;.;No value available
2023-03-19;.;No value available
2023-03-20;2.02;
2023-03-21;2.23;
2023-03-22;2.30;
2023-03-23;2.27;
2023-03-24;2.03;
2023-03-25;.;No value available
2023-03-26;.;No value available
2023-03-27;2.18;
2023-03-28;2.32;
2023-03-29;2.30;
2023-03-30;2.32;
2023-03-31;2.36;
2023-04-01;.;No value available
2023-04-02;.;No value available
2023-04-03;2.35;
2023-04-04;2.30;
2023-04-05;2.29;
2023-04-06;2.13;
2023-04-07;.;No value available
2023-04-08;.;No value available
2023-04-09;.;No value available
2023-04-10;.;No value available
2023-04-11;2.24;
2023-04-12;2.32;
2023-04-13;2.39;
2023-04-14;2.38;
2023-04-15;.;No value available
2023-04-16;.;No value available
2023-04-17;2.44;
2023-04-18;2.49;
2023-04-19;2.52;
2023-04-20;2.48;
2023-04-21;2.44;
2023-04-22;.;No value available
2023-04-23;.;No value available
2023-04-24;2.46;
2023-04-25;2.45;
2023-04-26;2.33;
2023-04-27;2.43;
2023-04-28;2.36;
2023-04-29;.;No value available
2023-04-30;.;No value available
2023-05-01;.;No value available
2023-05-02;2.36;
2023-05-03;2.24;
2023-05-04;2.25;
2023-05-05;2.25;
2023-05-06;.;No value available
2023-05-07;.;No value available
2023-05-08;2.31;
2023-05-09;2.33;
2023-05-10;2.34;
2023-05-11;2.30;
2023-05-12;2.24;
2023-05-13;.;No value available
2023-05-14;.;No value available
2023-05-15;2.29;
2023-05-16;2.28;
2023-05-17;2.32;
2023-05-18;2.39;
2023-05-19;2.45;
2023-05-20;.;No value available
2023-05-21;.;No value available
2023-05-22;2.40;
2023-05-23;2.48;
2023-05-24;2.45;
2023-05-25;2.48;
2023-05-26;2.52;
2023-05-27;.;No value available
2023-05-28;.;No value available
2023-05-29;2.48;
2023-05-30;2.41;
2023-05-31;2.27;
2023-06-01;2.29;
2023-06-02;2.28;
2023-06-03;.;No value available
2023-06-04;.;No value available
2023-06-05;2.37;
2023-06-06;2.32;
2023-06-07;2.37;
2023-06-08;2.44;
2023-06-09;2.42;
2023-06-10;.;No value available
2023-06-11;.;No value available
2023-06-12;2.38;
2023-06-13;2.38;
2023-06-14;2.44;
2023-06-15;2.48;
2023-06-16;2.49;
2023-06-17;.;No value available
2023-06-18;.;No value available
2023-06-19;2.48;
2023-06-20;2.49;
2023-06-21;2.41;
2023-06-22;2.45;
2023-06-23;2.37;
2023-06-24;.;No value available
2023-06-25;.;No value available
2023-06-26;2.32;
2023-06-27;2.32;
2023-06-28;2.33;
2023-06-29;2.36;
2023-06-30;2.44;
2023-07-01;.;No value available
2023-07-02;.;No value available
2023-07-03;2.39;
2023-07-04;2.46;
2023-07-05;2.41;
2023-07-06;2.52;
2023-07-07;2.64;
2023-07-08;.;No value available
2023-07-09;.;No value available
2023-07-10;2.66;
2023-07-11;2.59;
2023-07-12;2.64;
2023-07-13;2.49;
2023-07-14;2.49;
2023-07-15;.;No value available
2023-07-16;.;No value available
2023-07-17;2.48;
2023-07-18;2.41;
2023-07-19;2.34;
2023-07-20;2.43;
2023-07-21;2.48;
2023-07-22;.;No value available
2023-07-23;.;No value available
2023-07-24;2.40;
2023-07-25;2.44;
2023-07-26;2.44;
2023-07-27;2.49;
2023-07-28;2.50;
2023-07-29;.;No value available
2023-07-30;.;No value available
2023-07-31;2.52;
2023-08-01;2.50;
2023-08-02;2.52;
2023-08-03;2.58;
2023-08-04;2.62;
2023-08-05;.;No value available
2023-08-06;.;No value available
2023-08-07;2.58;
2023-08-08;2.49;
2023-08-09;2.46;
2023-08-10;2.53;
2023-08-11;2.56;
2023-08-12;.;No value available
2023-08-13;.;No value available
2023-08-14;2.61;
2023-08-15;2.70;
2023-08-16;2.66;
2023-08-17;2.69;
2023-08-18;2.61;
2023-08-19;.;No value available
2023-08-20;.;No value available
2023-08-21;2.65;
2023-08-22;2.67;
2023-08-23;2.54;
2023-08-24;2.48;
2023-08-25;2.54;
2023-08-26;.;No value available
2023-08-27;.;No value available
2023-08-28;2.57;
2023-08-29;2.57;
2023-08-30;2.55;
2023-08-31;2.50;
2023-09-01;2.48;
2023-09-02;.;No value available
2023-09-03;.;No value available
2023-09-04;2.56;
2023-09-05;2.60;
2023-09-06;2.61;
2023-09-07;2.63;
2023-09-08;2.60;
2023-09-09;.;No value available
2023-09-10;.;No value available
2023-09-11;2.60;
2023-09-12;2.63;
2023-09-13;2.67;
2023-09-14;2.64;
2023-09-15;2.64;
2023-09-16;.;No value available
2023-09-17;.;No value available
2023-09-18;2.68;
2023-09-19;2.71;
2023-09-20;2.71;
2023-09-21;2.73;
2023-09-22;2.73;
2023-09-23;.;No value available
2023-09-24;.;No value available
2023-09-25;2.79;
2023-09-26;2.80;
2023-09-27;2.78;
2023-09-28;2.92;
2023-09-29;2.86;
2023-09-30;.;No value available
2023-10-01;.;No value available
2023-10-02;2.87;
2023-10-03;2.93;
2023-10-04;2.97;
2023-10-05;2.95;
2023-10-06;2.89;
2023-10-07;.;No value available
2023-10-08;.;No value available
2023-10-09;2.84;
2023-10-10;2.80;
2023-10-11;2.72;
2023-10-12;2.73;
2023-10-13;2.75;
2023-10-14;.;No value available
2023-10-15;.;No value available
2023-10-16;2.78;
2023-10-17;2.81;
2023-10-18;2.91;
2023-10-19;2.94;
2023-10-20;2.92;
2023-10-21;.;No value available
2023-10-22;.;No value available
2023-10-23;2.95;
2023-10-24;2.79;
2023-10-25;2.84;
2023-10-26;2.89;
2023-10-27;2.83;
2023-10-28;.;No value available
2023-10-29;.;No value available
2023-10-30;2.80;
2023-10-31;2.78;
2023-11-01;2.83;
2023-11-02;2.71;
2023-11-03;2.72;
2023-11-04;.;No value available
2023-11-05;.;No value available
2023-11-06;2.70;
2023-11-07;2.70;
2023-11-08;2.64;
2023-11-09;2.64;
2023-11-10;2.73;
2023-11-11;.;No value available
2023-11-12;.;No value available
2023-11-13;2.71;
2023-11-14;2.70;
2023-11-15;2.59;
2023-11-16;2.62;
2023-11-17;2.52;
2023-11-18;.;No value available
2023-11-19;.;No value available
2023-11-20;2.60;
2023-11-21;2.60;
2023-11-22;2.57;
2023-11-23;2.58;
2023-11-24;2.64;
2023-11-25;.;No value available
2023-11-26;.;No value available
2023-11-27;2.63;
2023-11-28;2.54;
2023-11-29;2.45;
2023-11-30;2.42;
2023-12-01;2.43;
2023-12-02;.;No value available
2023-12-03;.;No value available
2023-12-04;2.37;
2023-12-05;2.31;
2023-12-06;2.26;
2023-12-07;2.17;
2023-12-08;2.23;
2023-12-09;.;No value available
2023-12-10;.;No value available
2023-12-11;2.25;
2023-12-12;2.23;
2023-12-13;2.20;
2023-12-14;2.06;
2023-12-15;2.03;
2023-12-16;.;No value available
2023-12-17;.;No value available
2023-12-18;2.02;
2023-12-19;2.02;
2023-12-20;1.99;
2023-12-21;1.97;
2023-12-22;1.96;
2023-12-23;.;No value available
2023-12-24;.;No value available
2023-12-25;.;No value available
2023-12-26;.;No value available
2023-12-27;1.93;
2023-12-28;1.92;
2023-12-29;2.02;
2023-12-30;.;No value available
2023-12-31;.;No value available
2024-01-01;.;No value available
2024-01-02;2.10;
2024-01-03;2.07;
2024-01-04;2.07;
2024-01-05;2.16;
2024-01-06;.;No value available
2024-01-07;.;No value available
2024-01-08;2.16;
2024-01-09;2.18;
2024-01-10;2.21;
2024-01-11;2.21;
2024-01-12;2.18;
2024-01-13;.;No value available
2024-01-14;.;No value available
2024-01-15;2.20;
2024-01-16;2.23;
2024-01-17;2.26;
2024-01-18;2.31;
2024-01-19;2.33;
2024-01-20;.;No value available
2024-01-21;.;No value available
2024-01-22;2.29;
2024-01-23;2.31;
2024-01-24;2.32;
2024-01-25;2.37;
2024-01-26;2.26;
2024-01-27;.;No value available
2024-01-28;.;No value available
2024-01-29;2.23;
2024-01-30;2.24;
2024-01-31;2.22;
2024-02-01;2.21;
2024-02-02;2.17;
2024-02-03;.;No value available
2024-02-04;.;No value available
2024-02-05;2.28;
2024-02-06;2.33;
2024-02-07;2.28;
2024-02-08;2.30;
2024-02-09;2.35;
2024-02-10;.;No value available
2024-02-11;.;No value available
2024-02-12;2.35;
2024-02-13;2.36;
2024-02-14;2.37;
2024-02-15;2.31;
2024-02-16;2.38;
2024-02-17;.;No value available
2024-02-18;.;No value available
2024-02-19;2.39;
2024-02-20;2.38;
2024-02-21;2.39;
2024-02-22;2.45;
2024-02-23;2.47;
2024-02-24;.;No value available
2024-02-25;.;No value available
2024-02-26;2.36;
2024-02-27;2.42;
2024-02-28;2.45;
2024-02-29;2.51;
2024-03-01;2.41;
2024-03-02;.;No value available
2024-03-03;.;No value available
2024-03-04;2.38;
2024-03-05;2.37;
2024-03-06;2.35;
2024-03-07;2.31;
2024-03-08;2.27;
2024-03-09;.;No value available
2024-03-10;.;No value available
2024-03-11;2.26;
2024-03-12;2.29;
2024-03-13;2.31;
2024-03-14;2.37;
2024-03-15;2.44;
2024-03-16;.;No value available
2024-03-17;.;No value available
2024-03-18;2.46;
2024-03-19;2.44;
2024-03-20;2.42;
2024-03-21;2.39;
2024-03-22;2.37;
2024-03-23;.;No value available
2024-03-24;.;No value available
2024-03-25;2.34;
2024-03-26;2.35;
2024-03-27;2.33;
2024-03-28;2.31;
2024-03-29;.;No value available
2024-03-30;.;No value available
2024-03-31;.;No value available
2024-04-01;.;No value available
2024-04-02;2.36;
2024-04-03;2.39;
2024-04-04;2.37;
2024-04-05;2.36;
2024-04-06;.;No value available
2024-04-07;.;No value available
2024-04-08;2.45;
2024-04-09;2.40;
2024-04-10;2.35;
2024-04-11;2.47;
2024-04-12;2.38;
2024-04-13;.;No value available
2024-04-14;.;No value available
2024-04-15;2.39;
2024-04-16;2.45;
2024-04-17;2.48;
2024-04-18;2.44;
2024-04-19;2.46;
2024-04-20;.;No value available
2024-04-21;.;No value available
2024-04-22;2.53;
2024-04-23;2.49;
2024-04-24;2.54;
2024-04-25;2.57;
2024-04-26;2.60;
2024-04-27;.;No value available
2024-04-28;.;No value available
2024-04-29;2.53;
2024-04-30;2.55;
2024-05-01;.;No value available
2024-05-02;2.55;
2024-05-03;2.53;
2024-05-04;.;No value available
2024-05-05;.;No value available
2024-05-06;2.45;
2024-05-07;2.44;
2024-05-08;2.44;
2024-05-09;2.50;
2024-05-10;2.46;
2024-05-11;.;No value available
2024-05-12;.;No value available
2024-05-13;2.52;
2024-05-14;2.51;
2024-05-15;2.48;
2024-05-16;2.42;
2024-05-17;2.48;
2024-05-18;.;No value available
2024-05-19;.;No value available
2024-05-20;2.52;
2024-05-21;2.50;
2024-05-22;2.53;
2024-05-23;2.55;
2024-05-24;2.58;
2024-05-25;.;No value available
2024-05-26;.;No value available
2024-05-27;2.59;
2024-05-28;2.55;
2024-05-29;2.62;
2024-05-30;2.67;
2024-05-31;2.70;
2024-06-01;.;No value available
2024-06-02;.;No value available
2024-06-03;2.65;
2024-06-04;2.56;
2024-06-05;2.54;
2024-06-06;2.53;
2024-06-07;2.57;
2024-06-08;.;No value available
2024-06-09;.;No value available
2024-06-10;2.65;
2024-06-11;2.66;
2024-06-12;2.59;
2024-06-13;2.55;
2024-06-14;2.39;
2024-06-15;.;No value available
2024-06-16;.;No value available
2024-06-17;2.40;
2024-06-18;2.42;
2024-06-19;2.40;
2024-06-20;2.43;
2024-06-21;2.37;
2024-06-22;.;No value available
2024-06-23;.;No value available
2024-06-24;2.42;
2024-06-25;2.41;
2024-06-26;2.43;
2024-06-27;2.47;
2024-06-28;2.46;
2024-06-29;.;No value available
2024-06-30;.;No value available
2024-07-01;2.58;
2024-07-02;2.60;
2024-07-03;2.63;
2024-07-04;2.60;
2024-07-05;2.59;
2024-07-06;.;No value available
2024-07-07;.;No value available
2024-07-08;2.57;
2024-07-09;2.56;
2024-07-10;2.54;
2024-07-11;2.54;
2024-07-12;2.51;
2024-07-13;.;No value available
2024-07-14;.;No value available
2024-07-15;2.47;
2024-07-16;2.44;
2024-07-17;2.41;
2024-07-18;2.44;
2024-07-19;2.42;
2024-07-20;.;No value available
2024-07-21;.;No value available
2024-07-22;2.48;
2024-07-23;2.46;
2024-07-24;2.43;
2024-07-25;2.42;
2024-07-26;2.44;
2024-07-27;.;No value available
2024-07-28;.;No value available
2024-07-29;2.36;
2024-07-30;2.37;
2024-07-31;2.33;
2024-08-01;2.29;
2024-08-02;2.22;
2024-08-03;.;No value available
2024-08-04;.;No value available
2024-08-05;2.13;
2024-08-06;2.17;
2024-08-07;2.27;
2024-08-08;2.23;
2024-08-09;2.25;
2024-08-10;.;No value available
2024-08-11;.;No value available
2024-08-12;2.24;
2024-08-13;2.23;
2024-08-14;2.20;
2024-08-15;2.19;
2024-08-16;2.24;
2024-08-17;.;No value available
2024-08-18;.;No value available
2024-08-19;2.22;
2024-08-20;2.24;
2024-08-21;2.22;
2024-08-22;2.22;
2024-08-23;2.25;
2024-08-24;.;No value available
2024-08-25;.;No value available
2024-08-26;2.23;
2024-08-27;2.27;
2024-08-28;2.25;
2024-08-29;2.23;
2024-08-30;2.26;
2024-08-31;.;No value available
2024-09-01;.;No value available
2024-09-02;2.33;
2024-09-03;2.33;
2024-09-04;2.25;
2024-09-05;2.22;
2024-09-06;2.17;
2024-09-07;.;No value available
2024-09-08;.;No value available
2024-09-09;2.24;
2024-09-10;2.17;
2024-09-11;2.11;
2024-09-12;2.13;
2024-09-13;2.13;
2024-09-14;.;No value available
2024-09-15;.;No value available
2024-09-16;2.15;
2024-09-17;2.10;
2024-09-18;2.17;
2024-09-19;2.20;
2024-09-20;2.18;
2024-09-21;.;No value available
2024-09-22;.;No value available
2024-09-23;2.16;
2024-09-24;2.19;
2024-09-25;2.16;
2024-09-26;2.15;
2024-09-27;2.13;
2024-09-28;.;No value available
2024-09-29;.;No value available
2024-09-30;2.16;
2024-10-01;2.06;
2024-10-02;2.08;
2024-10-03;2.13;
2024-10-04;2.17;
2024-10-05;.;No value available
2024-10-06;.;No value available
2024-10-07;2.25;
2024-10-08;2.25;
2024-10-09;2.23;
2024-10-10;2.27;
2024-10-11;2.29;
2024-10-12;.;No value available
2024-10-13;.;No value available
2024-10-14;2.26;
2024-10-15;2.23;
2024-10-16;2.19;
2024-10-17;2.21;
2024-10-18;2.21;
2024-10-19;.;No value available
2024-10-20;.;No value available
2024-10-21;2.24;
2024-10-22;2.32;
2024-10-23;2.32;
2024-10-24;2.27;
2024-10-25;2.28;
2024-10-26;.;No value available
2024-10-27;.;No value available
2024-10-28;2.29;
2024-10-29;2.32;
2024-10-30;2.31;
2024-10-31;2.41;
2024-11-01;2.40;
2024-11-02;.;No value available
2024-11-03;.;No value available
2024-11-04;2.43;
2024-11-05;2.42;
2024-11-06;2.39;
2024-11-07;2.48;
2024-11-08;2.38;
2024-11-09;.;No value available
2024-11-10;.;No value available
2024-11-11;2.32;
2024-11-12;2.31;
2024-11-13;2.38;
2024-11-14;2.39;
2024-11-15;2.33;
2024-11-16;.;No value available
2024-11-17;.;No value available
2024-11-18;2.39;
2024-11-19;2.30;
2024-11-20;2.36;
2024-11-21;2.32;
2024-11-22;2.24;
2024-11-23;.;No value available
2024-11-24;.;No value available
2024-11-25;2.24;
2024-11-26;2.20;
2024-11-27;2.15;
2024-11-28;2.16;
2024-11-29;2.11;
2024-11-30;.;No value available
2024-12-01;.;No value available
2024-12-02;2.06;
2024-12-03;2.07;
2024-12-04;2.08;
2024-12-05;2.07;
2024-12-06;2.12;
2024-12-07;.;No value available
2024-12-08;.;No value available
2024-12-09;2.11;
2024-12-10;2.12;
2024-12-11;2.12;
2024-12-12;2.17;
2024-12-13;2.23;
2024-12-14;.;No value available
2024-12-15;.;No value available
2024-12-16;2.24;
2024-12-17;2.23;
2024-12-18;2.25;
2024-12-19;2.28;
2024-12-20;2.30;
2024-12-21;.;No value available
2024-12-22;.;No value available
2024-12-23;2.31;
2024-12-24;.;No value available
2024-12-25;.;No value available
2024-12-26;.;No value available
2024-12-27;2.39;
2024-12-28;.;No value available
2024-12-29;.;No value available
2024-12-30;2.39;
2024-12-31;.;No value available
2025-01-01;.;No value available
2025-01-02;2.36;
2025-01-03;2.38;
2025-01-04;.;No value available
2025-01-05;.;No value available
2025-01-06;2.45;
2025-01-07;2.46;
2025-01-08;2.51;
2025-01-09;2.56;
2025-01-10;2.58;
2025-01-11;.;No value available
2025-01-12;.;No value available
2025-01-13;2.62;
2025-01-14;2.62;
2025-01-15;2.63;
2025-01-16;2.57;
2025-01-17;2.53;
2025-01-18;.;No value available
2025-01-19;.;No value available
2025-01-20;2.54;
2025-01-21;2.51;
2025-01-22;2.50;
2025-01-23;2.54;
2025-01-24;2.58;
2025-01-25;.;No value available
2025-01-26;.;No value available
2025-01-27;2.52;
2025-01-28;2.55;
2025-01-29;2.54;
2025-01-30;2.53;
2025-01-31;2.48;
2025-02-01;.;No value available
2025-02-02;.;No value available
2025-02-03;2.40;
2025-02-04;2.42;
2025-02-05;2.35;
2025-02-06;2.37;
2025-02-07;2.36;
2025-02-08;.;No value available
2025-02-09;.;No value available
2025-02-10;2.38;
2025-02-11;2.40;
2025-02-12;2.45;
2025-02-13;2.46;
2025-02-14;2.42;
2025-02-15;.;No value available
2025-02-16;.;No value available
2025-02-17;2.50;
2025-02-18;2.51;
2025-02-19;2.52;
2025-02-20;2.55;
2025-02-21;2.50;
2025-02-22;.;No value available
2025-02-23;.;No value available
2025-02-24;2.47;
2025-02-25;2.47;
2025-02-26;2.44;
2025-02-27;2.44;
2025-02-28;2.38;
2025-03-01;.;No value available
2025-03-02;.;No value available
2025-03-03;2.46;
2025-03-04;2.46;
2025-03-05;2.68;
2025-03-06;2.87;
2025-03-07;2.83;
2025-03-08;.;No value available
2025-03-09;.;No value available
2025-03-10;2.81;
2025-03-11;2.87;
2025-03-12;2.92;
2025-03-13;2.90;
2025-03-14;2.88;
2025-03-15;.;No value available
2025-03-16;.;No value available
2025-03-17;2.82;
2025-03-18;2.84;
2025-03-19;2.78;
2025-03-20;2.77;
2025-03-21;2.76;
2025-03-22;.;No value available
2025-03-23;.;No value available
2025-03-24;2.78;
2025-03-25;2.82;
2025-03-26;2.79;
2025-03-27;2.79;
2025-03-28;2.73;
2025-03-29;.;No value available
2025-03-30;.;No value available
2025-03-31;2.69;
2025-04-01;2.68;
2025-04-02;2.68;
2025-04-03;2.66;
2025-04-04;2.54;
2025-04-05;.;No value available
2025-04-06;.;No value available
2025-04-07;2.46;
2025-04-08;2.63;
2025-04-09;2.61;
2025-04-10;2.65;
2025-04-11;2.56;
2025-04-12;.;No value available
2025-04-13;.;No value available
2025-04-14;2.55;
2025-04-15;2.50;
2025-04-16;2.50;
2025-04-17;2.53;
2025-04-18;.;No value available
2025-04-19;.;No value available
2025-04-20;.;No value available
2025-04-21;.;No value available
2025-04-22;2.45;
2025-04-23;2.48;
2025-04-24;2.46;
2025-04-25;2.48;
2025-04-26;.;No value available
2025-04-27;.;No value available
2025-04-28;2.50;
2025-04-29;2.49;
2025-04-30;2.46;
2025-05-01;.;No value available
2025-05-02;2.46;
2025-05-03;.;No value available
2025-05-04;.;No value available
2025-05-05;2.51;
2025-05-06;2.54;
2025-05-07;2.53;
2025-05-08;2.50;
2025-05-09;2.58;
2025-05-10;.;No value available
2025-05-11;.;No value available
2025-05-12;2.63;
2025-05-13;2.68;
2025-05-14;2.67;
2025-05-15;2.68;
2025-05-16;2.57;
2025-05-17;.;No value available
2025-05-18;.;No value available
2025-05-19;2.65;
2025-05-20;2.56;
2025-05-21;2.67;
2025-05-22;2.64;
2025-05-23;2.62;
2025-05-24;.;No value available
2025-05-25;.;No value available
2025-05-26;2.60;
2025-05-27;2.52;
2025-05-28;2.55;
2025-05-29;2.57;
2025-05-30;2.53;
2025-05-31;.;No value available
2025-06-01;.;No value available
2025-06-02;2.55;
2025-06-03;2.50;
2025-06-04;2.54;
2025-06-05;2.49;
2025-06-06;2.55;
2025-06-07;.;No value available
2025-06-08;.;No value available
2025-06-09;2.53;
2025-06-10;2.55;
2025-06-11;2.55;
2025-06-12;2.50;
2025-06-13;2.49;
2025-06-14;.;No value available
2025-06-15;.;No value available
2025-06-16;2.56;
2025-06-17;2.55;
2025-06-18;2.55;
2025-06-19;2.53;
2025-06-20;2.52;
2025-06-21;.;No value available
2025-06-22;.;No value available
2025-06-23;2.54;
2025-06-24;2.55;
2025-06-25;2.54;
2025-06-26;2.55;
2025-06-27;2.57;
2025-06-28;.;No value available
2025-06-29;.;No value available
2025-06-30;2.58;
2025-07-01;2.55;
2025-07-02;2.63;
2025-07-03;2.63;
2025-07-04;2.58;
2025-07-05;.;No value available
2025-07-06;.;No value available
2025-07-07;2.62;
2025-07-08;2.70;
2025-07-09;2.67;
2025-07-10;2.68;
2025-07-11;2.73;
2025-07-12;.;No value available
2025-07-13;.;No value available
2025-07-14;2.71;
2025-07-15;2.69;
2025-07-16;2.71;
2025-07-17;2.70;
2025-07-18;2.70;
2025-07-19;.;No value available
2025-07-20;.;No value available
2025-07-21;2.65;
2025-07-22;2.63;
2025-07-23;2.62;
2025-07-24;2.66;
2025-07-25;2.76;
2025-07-26;.;No value available
2025-07-27;.;No value available
2025-07-28;2.69;
2025-07-29;2.70;
2025-07-30;2.69;
2025-07-31;2.69;
2025-08-01;2.71;
2025-08-02;.;No value available
2025-08-03;.;No value available
2025-08-04;2.69;
2025-08-05;2.63;
2025-08-06;2.64;
2025-08-07;2.63;
2025-08-08;2.65;
2025-08-09;.;No value available
2025-08-10;.;No value available
2025-08-11;2.68;
2025-08-12;2.70;
2025-08-13;2.70;
2025-08-14;2.66;
2025-08-15;2.73;
2025-08-16;.;No value available
2025-08-17;.;No value available
2025-08-18;2.75;
2025-08-19;2.77;
2025-08-20;2.73;
2025-08-21;2.73;
2025-08-22;2.75;
2025-08-23;.;No value available
2025-08-24;.;No value available
2025-08-25;2.75;
2025-08-26;2.73;
2025-08-27;2.70;
2025-08-28;2.70;
2025-08-29;2.71;
2025-08-30;.;No value available
2025-08-31;.;No value available
2025-09-01;2.75;
2025-09-02;2.78;
2025-09-03;2.78;
2025-09-04;2.71;
2025-09-05;2.71;
2025-09-06;.;No value available
2025-09-07;.;No value available
2025-09-08;2.66;
2025-09-09;2.66;
2025-09-10;2.65;
2025-09-11;2.66;
2025-09-12;2.70;
2025-09-13;.;No value available
2025-09-14;.;No value available
2025-09-15;2.69;
2025-09-16;2.69;
2025-09-17;2.68;
2025-09-18;2.68;
2025-09-19;2.73;
2025-09-20;.;No value available
2025-09-21;.;No value available
2025-09-22;2.74;
2025-09-23;2.75;
2025-09-24;2.74;
2025-09-25;2.74;
2025-09-26;2.76;
2025-09-27;.;No value available
2025-09-28;.;No value available
2025-09-29;2.72;
2025-09-30;2.71;
2025-10-01;2.73;
2025-10-02;2.71;
2025-10-03;2.70;
2025-10-04;.;No value available
2025-10-05;.;No value available
2025-10-06;2.72;
2025-10-07;2.73;
2025-10-08;2.69;
2025-10-09;2.70;
2025-10-10;2.68;
2025-10-11;.;No value available
2025-10-12;.;No value available
2025-10-13;2.64;
2025-10-14;2.60;
2025-10-15;2.59;
2025-10-16;2.57;
2025-10-17;2.55;
2025-10-18;.;No value available
2025-10-19;.;No value available
2025-10-20;2.59;
2025-10-21;2.57;
2025-10-22;2.55;
2025-10-23;2.58;
2025-10-24;2.61;